pre_type,post_hemibrain_type,post_fafb_type,mean_EPSP_amplitude
DA4l_adPN,LHAD1a1,LHAD1a1,0.0
DL4_adPN,LHAD1a1,LHAD1a1,0.0
DL5_adPN,LHAD1a1,LHAD1a1,0.8422698
DM1_lPN,LHAD1a1,LHAD1a1,1.61617573
DM4_adPN,LHAD1a1,LHAD1a1,1.20671994
VA6_adPN,LHAD1a1,LHAD1a1,0.0
VC1_lPN,LHAD1a1,LHAD1a1,0.0
VL2a_adPN,LHAD1a1,LHAD1a1,0.0
VL2p_adPN,LHAD1a1,LHAD1a1,0.0
DA4l_adPN,LHAV6a3_a,LHAV6a3,0.0
DC1_adPN,LHAV6a3_a,LHAV6a3,0.0
DL4_adPN,LHAV6a3_a,LHAV6a3,0.0
DL5_adPN,LHAV6a3_a,LHAV6a3,0.0
DM1_lPN,LHAV6a3_a,LHAV6a3,1.90507386
DM4_adPN,LHAV6a3_a,LHAV6a3,0.0
DP1m_adPN,LHAV6a3_a,LHAV6a3,0.0
VA2_adPN,LHAV6a3_a,LHAV6a3,1.64688543
VA6_adPN,LHAV6a3_a,LHAV6a3,0.0
VC1_lPN,LHAV6a3_a,LHAV6a3,0.0
VL2a_adPN,LHAV6a3_a,LHAV6a3,0.0
VL2p_adPN,LHAV6a3_a,LHAV6a3,0.0
DA4l_adPN,LHAV6a1_b,LHAV6a1,0.0
DC1_adPN,LHAV6a1_b,LHAV6a1,0.0
DL4_adPN,LHAV6a1_b,LHAV6a1,0.0
DL5_adPN,LHAV6a1_b,LHAV6a1,0.0
DM1_lPN,LHAV6a1_b,LHAV6a1,0.0
DM4_adPN,LHAV6a1_b,LHAV6a1,0.0
DP1m_adPN,LHAV6a1_b,LHAV6a1,2.03873945
VA2_adPN,LHAV6a1_b,LHAV6a1,0.0
VA6_adPN,LHAV6a1_b,LHAV6a1,0.0
VC1_lPN,LHAV6a1_b,LHAV6a1,0.0
VL2a_adPN,LHAV6a1_b,LHAV6a1,0.0
VL2p_adPN,LHAV6a1_b,LHAV6a1,0.68786344
DA4l_adPN,LHPV5c1_d,LHPV5c1,0.0
DC1_adPN,LHPV5c1_d,LHPV5c1,1.01693282
DL4_adPN,LHPV5c1_d,LHPV5c1,0.0
DL5_adPN,LHPV5c1_d,LHPV5c1,0.0
DM1_lPN,LHPV5c1_d,LHPV5c1,0.0
DM4_adPN,LHPV5c1_d,LHPV5c1,0.0
DP1m_adPN,LHPV5c1_d,LHPV5c1,0.0
VA2_adPN,LHPV5c1_d,LHPV5c1,0.9789831
VA6_adPN,LHPV5c1_d,LHPV5c1,0.0
VL2p_adPN,LHPV5c1_d,LHPV5c1,0.0
DA4l_adPN,LHPV4a11,LHPV4a11,0.0
DC1_adPN,LHPV4a11,LHPV4a11,0.0
DL4_adPN,LHPV4a11,LHPV4a11,0.0
DL5_adPN,LHPV4a11,LHPV4a11,3.27651952
DM1_lPN,LHPV4a11,LHPV4a11,0.0
DM4_adPN,LHPV4a11,LHPV4a11,0.0
DP1m_adPN,LHPV4a11,LHPV4a11,0.0
VA6_adPN,LHPV4a11,LHPV4a11,0.0
VC1_lPN,LHPV4a11,LHPV4a11,0.0
DA4l_adPN,LHAV2m1,LHAV2m1,0.65942807
DL4_adPN,LHAV2m1,LHAV2m1,0.0
DM4_adPN,LHAV2m1,LHAV2m1,0.0
VA2_adPN,LHAV2m1,LHAV2m1,0.0
VA6_adPN,LHAV2m1,LHAV2m1,6.62604114
VC1_lPN,LHAV2m1,LHAV2m1,0.0
VL2a_adPN,LHAV2m1,LHAV2m1,2.104459
VL2p_adPN,LHAV2m1,LHAV2m1,0.61719868
DA4l_adPN,LHPD3a1,LHPD3a1,5.88633018
DC1_adPN,LHPD3a1,LHPD3a1,0.0
DL4_adPN,LHPD3a1,LHPD3a1,0.0
DL5_adPN,LHPD3a1,LHPD3a1,0.0
DM1_lPN,LHPD3a1,LHPD3a1,0.0
DM4_adPN,LHPD3a1,LHPD3a1,0.0
DP1m_adPN,LHPD3a1,LHPD3a1,0.0
VA2_adPN,LHPD3a1,LHPD3a1,0.0
VA6_adPN,LHPD3a1,LHPD3a1,0.0
VC1_lPN,LHPD3a1,LHPD3a1,0.0
VL2a_adPN,LHPD3a1,LHPD3a1,0.0
VL2p_adPN,LHPD3a1,LHPD3a1,0.0
DA4l_adPN,LHAD1b2_a,"LHAD1b2_a,LHAD1b2_c",0.0
DC1_adPN,LHAD1b2_a,"LHAD1b2_a,LHAD1b2_c",0.0
DL4_adPN,LHAD1b2_a,"LHAD1b2_a,LHAD1b2_c",0.0
DM1_lPN,LHAD1b2_a,"LHAD1b2_a,LHAD1b2_c",0.0
DM4_adPN,LHAD1b2_a,"LHAD1b2_a,LHAD1b2_c",0.0
DP1m_adPN,LHAD1b2_a,"LHAD1b2_a,LHAD1b2_c",0.0
VC1_lPN,LHAD1b2_a,"LHAD1b2_a,LHAD1b2_c",1.18859636
VL2p_adPN,LHAD1b2_a,"LHAD1b2_a,LHAD1b2_c",0.71611048
DA4l_adPN,LHPD2b1_a,LHPD2b1_a,0.0
DC1_adPN,LHPD2b1_a,LHPD2b1_a,0.0
DL4_adPN,LHPD2b1_a,LHPD2b1_a,0.0
DM1_lPN,LHPD2b1_a,LHPD2b1_a,2.32240857
DM4_adPN,LHPD2b1_a,LHPD2b1_a,1.10980746
DP1m_adPN,LHPD2b1_a,LHPD2b1_a,1.39218545
VA2_adPN,LHPD2b1_a,LHPD2b1_a,0.0
VA6_adPN,LHPD2b1_a,LHPD2b1_a,0.0
VC1_lPN,LHPD2b1_a,LHPD2b1_a,0.0
VL2a_adPN,LHPD2b1_a,LHPD2b1_a,0.0
VL2p_adPN,LHPD2b1_a,LHPD2b1_a,0.0
DA4l_adPN,LHPD2a1,LHPD2a1,0.0
DC1_adPN,LHPD2a1,LHPD2a1,0.0
DL4_adPN,LHPD2a1,LHPD2a1,0.0
DL5_adPN,LHPD2a1,LHPD2a1,0.0
DM1_lPN,LHPD2a1,LHPD2a1,3.91653936
DP1m_adPN,LHPD2a1,LHPD2a1,1.1406098
VA2_adPN,LHPD2a1,LHPD2a1,0.0
VA6_adPN,LHPD2a1,LHPD2a1,0.0
VC1_lPN,LHPD2a1,LHPD2a1,0.0
VL2a_adPN,LHPD2a1,LHPD2a1,0.0
DA4l_adPN,LHAV2b2_a,LHAV2b2a,0.0
DC1_adPN,LHAV2b2_a,LHAV2b2a,0.0
DL4_adPN,LHAV2b2_a,LHAV2b2a,0.0
DL5_adPN,LHAV2b2_a,LHAV2b2a,0.0
DM1_lPN,LHAV2b2_a,LHAV2b2a,0.0
DM4_adPN,LHAV2b2_a,LHAV2b2a,0.0
VA2_adPN,LHAV2b2_a,LHAV2b2a,0.0
VA6_adPN,LHAV2b2_a,LHAV2b2a,0.0
VC1_lPN,LHAV2b2_a,LHAV2b2a,0.0
VL2a_adPN,LHAV2b2_a,LHAV2b2a,2.46240283
DC1_adPN,LHAV1a2_a,LHAV1a2_a,0.0
DL4_adPN,LHAV1a2_a,LHAV1a2_a,1.75984939
DL5_adPN,LHAV1a2_a,LHAV1a2_a,0.0
DM1_lPN,LHAV1a2_a,LHAV1a2_a,0.0
DM4_adPN,LHAV1a2_a,LHAV1a2_a,0.0
DP1m_adPN,LHAV1a2_a,LHAV1a2_a,0.0
VA2_adPN,LHAV1a2_a,LHAV1a2_a,0.0
VA6_adPN,LHAV1a2_a,LHAV1a2_a,1.92217112
VC1_lPN,LHAV1a2_a,LHAV1a2_a,0.0
VL2a_adPN,LHAV1a2_a,LHAV1a2_a,1.60422109
VL2p_adPN,LHAV1a2_a,LHAV1a2_a,1.41590037
DA4l_adPN,LHAV6a2_b,LHAV6a2_b,0.0
DC1_adPN,LHAV6a2_b,LHAV6a2_b,0.0
DL4_adPN,LHAV6a2_b,LHAV6a2_b,0.0
DL5_adPN,LHAV6a2_b,LHAV6a2_b,0.37863795
DM1_lPN,LHAV6a2_b,LHAV6a2_b,0.0
DM4_adPN,LHAV6a2_b,LHAV6a2_b,0.0
DP1m_adPN,LHAV6a2_b,LHAV6a2_b,0.0
VA2_adPN,LHAV6a2_b,LHAV6a2_b,1.4024964
VA6_adPN,LHAV6a2_b,LHAV6a2_b,0.0
VC1_lPN,LHAV6a2_b,LHAV6a2_b,0.0
VL2a_adPN,LHAV6a2_b,LHAV6a2_b,0.0
VL2p_adPN,LHAV6a2_b,LHAV6a2_b,0.0
