id,group,functional.cell.type,OilBl,E2Hex,GerAc,Prpyl,IPenA,Et3HB,Nonnl,CiVAc,MetSl,HexAc,PeEtA,AceAc,EtHex,2PnAc,5OdMx,BeZal,bCitr,1HxOl,Frnsl,WatBl,Cdvrn,Sprmn,Acoin,MtAct,AcAcd,PrpnA,BtrAc,Amnia,Pyrdn,PAcHd,HCL36,PAcAc,Vingr,Geosn,VinGe,PEtAm,ClrBL,ClrB2,FlyFM,EtAmn,Ptscn,Lnlol,23BTD,Sprdn,CO21P,tidy_id,cell_type
nm20140723c2,PN,D,-0.5,-3.0,2.25,0.5,-0.5,-1.0,4.25,1.75,1.0,4.25,-0.25,0.25,0.0,1.75,-1.5,-4.5,3.0,3.5,-0.5,1.5,2.25,0.75,2.5,3.75,2.25,3.5,-3.0,2.0,-0.25,2.5,2.75,2.25,1.75,-1.0,1.0,3.75,0.5,1.5,0.0,-3.25,2.0,6.75,1.5,-1.0,0.25,140723c2,
nm20140828c0,PN,D,1.75,10.0,1.0,7.0,10.0,4.5,1.0,-1.0,2.5,6.25,2.75,7.0,3.0,2.0,1.25,0.75,3.5,14.0,1.75,3.0,2.5,1.5,1.0,2.5,-1.25,1.0,0.5,0.5,1.0,,,,,,,,,,,,,,,,,140828c0,
nm20141029c0,PN,D,6.25,1.5,3.75,0.5,0.0,1.0,4.0,0.5,1.75,4.5,2.75,1.75,6.0,4.75,0.5,4.25,1.75,7.75,2.0,2.25,5.0,4.0,-1.5,4.5,1.25,4.0,-0.5,-4.75,-1.25,4.0,6.25,4.5,-3.5,4.25,0.0,3.5,10.0,6.75,1.5,-5.25,1.0,15.5,1.5,8.5,9.5,141029c0,
nm20160217c0,PN,D,0.75,1.25,4.25,0.75,0.0,2.25,6.5,5.5,4.25,3.5,-3.0,-2.75,0.75,0.75,3.0,1.0,3.25,3.0,5.0,1.5,3.0,5.25,1.75,-1.0,0.5,2.75,4.75,2.25,7.0,5.5,2.0,2.0,4.5,5.0,4.0,5.5,0.25,1.5,0.75,-5.25,-0.25,2.0,2.5,4.25,0.0,160217c0,
nm20160304c3,PN,D,2.0,0.5,1.25,-0.75,0.25,1.25,20.25,-0.25,0.5,2.0,1.0,0.0,-0.5,1.0,0.0,0.5,1.25,1.5,-0.75,-0.25,-0.75,2.5,0.0,0.5,1.0,-0.5,0.0,0.25,1.0,-1.5,-1.0,1.0,-1.5,2.0,0.5,0.0,-2.0,4.75,0.75,-0.25,0.25,-3.0,0.25,0.75,,160304c3,
nm20160310c1,PN,D,5.0,6.75,7.0,3.5,5.5,0.75,13.5,2.25,3.5,-1.0,1.25,-1.0,0.0,0.75,4.0,-1.5,2.5,1.5,-1.75,0.0,3.75,0.5,0.5,5.25,2.75,8.5,5.5,0.25,6.5,1.0,0.25,3.0,3.0,6.5,2.25,0.75,3.25,3.0,0.5,1.25,0.75,2.5,-1.0,-0.25,,160310c1,
nm20140723c3,PN,DA1,1.0,1.0,0.0,1.5,-0.5,-0.5,0.0,0.0,-1.25,0.5,-1.0,-0.25,1.5,0.5,2.0,3.0,0.25,2.0,2.0,2.5,1.0,1.0,-1.0,-0.5,1.0,3.0,1.0,3.0,-0.25,1.0,1.75,1.0,1.75,0.25,-1.0,0.5,-0.5,0.0,0.5,0.5,0.5,-0.5,0.0,0.0,,140723c3,
nm20141107c1,PN,DA1,0.0,0.0,0.0,0.0,0.0,0.0,0.0,0.0,0.0,0.0,-3.0,-0.25,0.0,0.0,0.0,0.0,0.0,0.0,0.0,0.0,0.0,0.0,0.0,0.0,0.0,0.0,0.0,0.0,0.0,0.0,0.0,0.0,0.0,0.0,0.0,0.0,0.0,0.0,0.0,-1.0,0.0,0.0,0.0,0.0,0.0,141107c1,
nm20141113c0,PN,DA1,3.5,0.0,0.0,0.5,1.0,0.25,1.0,0.0,0.0,0.25,1.0,0.25,-0.25,0.5,1.75,0.0,0.5,1.0,1.5,2.0,1.0,2.5,7.5,2.0,3.0,3.75,3.5,4.5,0.25,-1.5,2.25,4.0,3.0,0.75,3.0,1.0,5.5,2.75,1.5,2.5,3.75,4.75,4.75,4.5,,141113c0,
nm20141117c2,PN,DA1,1.25,7.0,4.0,8.25,18.5,13.0,4.5,2.0,3.75,13.75,0.25,2.75,11.5,-7.5,13.5,24.0,0.5,18.0,0.0,0.0,12.0,-6.0,0.5,2.5,1.5,9.0,8.0,2.5,1.5,4.5,7.25,2.0,1.5,1.5,10.5,1.5,4.5,6.0,9.0,12.5,6.0,2.0,7.0,0.5,2.0,141117c2,
nm20141119c0,PN,DA1,1.0,2.0,2.0,3.5,1.5,5.0,0.0,0.0,0.5,1.0,0.0,15.5,2.5,0.5,0.5,20.0,0.0,9.0,0.5,0.0,2.0,2.5,11.0,5.5,1.0,1.0,0.5,1.5,2.5,0.0,0.5,0.0,0.0,0.0,2.5,-1.0,2.0,0.5,0.0,7.0,1.5,0.5,-2.25,0.5,3.0,141119c0,
nm20140822c1,PN,DC1,3.25,0.5,1.0,41.75,1.0,0.5,0.5,-1.5,0.75,0.75,-2.5,-0.25,1.0,-2.75,-2.0,-2.0,1.75,-3.25,1.5,5.5,3.0,2.5,3.75,19.75,3.0,0.0,2.75,4.5,8.0,-2.25,-1.0,3.25,1.0,3.0,2.0,1.5,2.25,3.5,-1.5,0.25,0.5,4.25,2.75,1.5,4.5,140822c1,
nm20140717c0,PN,DC2,-0.5,15.0,0.5,1.0,0.0,57.25,1.0,4.0,1.5,38.0,0.5,4.0,4.75,4.5,5.25,1.5,2.5,53.25,5.0,0.75,5.75,1.0,1.75,4.0,2.5,5.0,2.0,3.0,-3.25,0.75,1.5,2.75,3.25,-1.5,2.5,0.5,-2.5,-1.75,0.25,1.5,-1.25,3.75,0.25,5.0,10.0,140717c0,
nm20140721c3,PN,DC2,0.0,2.0,1.5,1.5,2.75,54.5,0.25,0.0,0.5,25.5,0.5,1.0,0.5,1.5,1.5,0.5,0.0,41.0,0.0,0.75,0.5,1.5,0.5,0.5,0.0,1.0,2.5,1.25,0.5,1.5,1.5,-1.75,0.0,0.5,0.5,8.5,0.0,2.5,1.5,7.0,1.5,0.5,10.0,5.0,-0.5,140721c3,
nm20140723c1,PN,DC2,4.5,7.0,0.5,-0.5,0.0,38.5,1.0,0.5,2.0,33.5,2.0,5.5,0.25,-1.75,-1.0,0.5,3.0,31.25,0.5,2.0,2.25,1.0,3.0,0.75,1.75,2.0,3.5,2.5,1.75,-0.5,1.75,1.0,3.0,-1.25,2.0,1.5,1.5,0.5,2.0,2.0,2.25,-0.75,2.0,3.0,2.0,140723c1,
nm20140821c2,PN,DC2,0.75,42.5,5.5,20.0,-0.25,54.5,0.5,0.5,6.0,44.5,0.0,20.5,2.25,1.0,14.5,4.0,0.5,83.5,0.5,2.5,0.5,-1.0,6.0,29.5,1.0,-0.75,2.5,3.0,4.5,-1.0,0.75,6.5,0.5,3.0,3.5,0.5,3.0,1.0,-0.5,1.5,-1.75,5.75,2.25,0.5,6.75,140821c2,
nm20140822c4,PN,DC2,3.5,32.5,2.5,-2.5,4.0,29.75,-0.5,2.5,0.0,35.5,0.0,1.0,0.0,0.5,0.0,0.0,3.25,85.25,0.5,4.25,7.0,-1.25,3.0,1.5,1.0,0.25,1.0,2.75,-2.0,1.5,-0.25,1.0,2.0,3.5,0.5,1.5,3.75,1.25,1.5,2.25,3.75,4.5,8.5,1.25,,140822c4,
nm20140903c0,PN,DC2,0.25,23.0,1.0,6.0,6.0,37.0,2.0,1.0,1.0,0.5,3.5,4.75,5.5,3.0,4.5,5.25,-2.0,44.0,3.0,0.25,1.25,2.0,2.5,3.5,1.0,1.5,2.5,5.5,2.5,,,,,,,,,,,,,,,,,140903c0,
nm20140903c2,PN,DC2,2.0,35.25,2.75,9.25,-0.5,39.75,8.25,0.75,5.75,1.5,3.0,4.75,2.75,-1.0,6.5,1.5,2.0,78.0,1.0,3.0,1.75,1.0,1.5,11.0,4.5,-1.0,0.5,2.5,4.0,5.75,6.5,4.5,-4.25,-0.75,2.75,2.25,,,,,,,,,,140903c2,
nm20140909c0,PN,DC2,1.0,35.5,0.5,2.5,0.0,60.0,0.75,1.0,1.5,2.0,1.0,1.0,2.0,0.25,2.5,3.0,1.5,87.25,1.0,5.0,0.75,1.0,2.25,3.75,-0.5,1.5,2.5,1.5,1.5,1.0,0.5,1.25,0.25,1.75,2.25,0.5,,,,,,,,,,140909c0,
nm20140912c1,PN,DC2,1.0,12.0,0.0,0.0,0.0,27.5,1.0,0.0,0.25,1.5,0.0,1.25,3.0,0.0,0.0,-1.0,-0.25,44.0,0.0,-0.5,0.5,0.0,-0.75,2.0,0.75,0.25,0.0,0.75,1.0,0.25,-1.0,2.5,-0.5,0.75,-1.25,0.75,3.5,0.5,2.0,2.0,1.0,1.5,1.0,-0.75,0.5,140912c1,
nm20141008c3,PN,DC2,1.5,10.0,0.5,1.0,-0.5,30.5,0.0,0.0,1.0,1.25,1.0,0.25,0.75,1.0,1.0,0.0,-0.25,40.0,0.0,1.25,0.0,0.0,0.0,0.5,0.5,1.5,1.0,1.0,0.5,-0.5,0.0,1.5,0.25,2.5,1.5,0.5,1.0,4.5,2.25,5.5,-1.25,2.0,-1.25,6.25,2.5,141008c3,
nm20141126c1,PN,DC2,0.5,10.5,0.0,2.75,6.5,32.0,0.5,0.0,-0.25,0.0,2.0,3.0,1.0,1.0,1.5,0.0,0.0,33.5,0.0,-0.5,0.0,2.0,1.0,-0.5,0.0,1.0,0.0,0.0,1.0,0.0,0.25,1.0,1.0,0.5,1.0,-0.5,1.5,0.5,-1.5,0.5,1.0,2.5,1.0,1.0,0.0,141126c1,
nm20141127c1,PN,DC3,-0.5,1.5,5.0,4.0,10.0,9.0,0.0,6.0,8.0,0.0,-1.5,1.0,7.5,7.5,0.5,8.25,1.5,9.0,0.5,-0.25,0.0,1.0,7.0,8.0,2.0,0.5,1.25,14.0,3.0,,,,,,,,,,,,,,,,,141127c1,
nm20150205c0,PN,DC3,0.0,4.5,1.5,5.0,11.5,1.5,0.0,1.0,1.5,0.5,0.0,1.0,0.5,0.5,1.0,22.5,0.5,22.5,0.0,1.0,1.0,0.0,0.5,1.75,0.0,0.5,0.0,2.0,0.5,0.0,0.0,0.0,0.0,0.0,1.0,-3.0,0.5,-0.5,1.0,8.5,0.5,0.5,1.5,2.0,,150205c0,
nm20140716c2,PN,DL1,3.0,1.5,-0.5,2.5,3.25,-1.5,8.5,-3.75,76.75,6.25,4.75,10.5,5.0,1.75,6.75,3.0,-0.75,2.25,3.5,1.25,3.0,2.5,-3.5,2.5,1.5,3.5,0.75,2.0,1.0,3.5,2.5,3.5,4.75,8.75,9.25,21.5,5.0,5.25,6.75,24.5,3.75,4.5,23.25,27.5,7.5,140716c2,
nm20140911c1,PN,DL1,1.5,-1.75,-1.5,-0.75,22.5,-0.5,3.0,-1.0,36.5,11.0,0.5,0.25,-0.5,0.75,1.25,-0.5,3.5,3.0,-1.0,5.75,1.0,2.5,-4.0,2.25,0.5,1.0,2.25,1.5,-0.5,3.0,-4.0,5.25,3.5,3.5,10.0,9.5,1.0,1.25,-1.0,3.5,9.0,2.0,13.75,9.0,5.5,140911c1,
nm20141006c2,PN,DL1,1.75,4.5,1.25,0.5,11.25,0.5,-2.0,-2.5,26.0,1.25,6.5,4.5,4.0,2.25,2.0,4.0,1.75,-0.5,3.5,3.75,4.0,4.5,-8.5,4.5,1.25,1.0,-1.25,5.0,1.0,0.5,1.5,4.0,4.0,2.5,2.0,4.5,2.5,0.75,2.5,3.75,3.75,-0.25,6.0,7.25,,141006c2,
nm20141013c3,PN,DL1,1.0,1.25,3.5,0.0,30.0,1.5,2.5,5.75,30.5,4.75,10.75,6.25,0.75,4.0,0.75,-2.0,5.0,4.5,3.0,1.5,0.0,1.0,-7.75,-0.5,0.0,1.0,3.5,6.5,4.0,0.5,4.75,0.25,1.75,1.75,2.0,19.25,3.5,5.0,1.5,0.25,4.25,1.0,4.5,5.0,,141013c3,
nm20141016c0,PN,DL1,-3.0,-1.0,3.5,1.0,38.25,0.0,2.75,-12.5,97.0,21.0,3.0,6.0,-0.5,2.5,14.25,-1.75,3.5,0.0,11.0,0.0,2.0,-1.75,-1.5,-10.75,1.0,-0.75,-0.5,6.5,-6.0,2.5,-0.75,0.0,-0.25,1.0,7.0,19.0,2.75,4.5,4.0,-1.5,12.5,-1.25,28.0,2.25,10.0,141016c0,
nm20150302c0,PN,DL1,-2.25,1.25,2.0,7.0,55.75,3.0,3.0,2.0,82.0,15.25,5.75,10.0,10.75,4.75,5.0,-2.25,-1.0,-3.5,0.25,2.5,9.25,2.25,3.25,6.75,6.75,6.75,1.75,2.75,0.25,4.5,5.0,0.75,1.0,-3.5,5.0,12.0,1.0,1.0,1.5,6.0,-1.75,-3.25,12.25,2.5,5.25,150302c0,
nm20160201c0,PN,DL1,1.5,4.75,7.5,5.5,20.75,10.75,9.5,0.75,71.0,4.25,12.0,4.5,8.5,4.75,9.75,1.0,1.25,8.25,1.5,2.0,6.5,-1.25,8.5,3.0,6.75,4.25,0.5,4.5,5.5,8.0,3.5,3.75,5.0,1.75,2.75,0.25,-2.0,-0.25,9.25,5.5,2.0,10.75,6.25,19.25,3.25,160201c0,
nm20160204c1,PN,DL1,0.5,0.5,1.75,2.0,9.0,1.0,1.0,1.0,39.0,0.0,8.25,4.0,0.5,-0.25,4.5,1.25,0.5,4.0,1.0,1.5,0.5,1.5,0.0,1.5,0.0,0.0,1.0,2.5,1.5,1.5,0.5,1.0,0.5,0.5,0.5,0.5,2.75,2.5,5.25,2.5,2.0,5.0,1.5,7.0,7.5,160204c1,
nm20140717c1,PN,DL2d,0.5,58.5,6.0,2.0,1.5,1.5,11.5,2.0,0.5,0.0,0.5,0.0,0.5,0.5,1.0,11.5,0.5,0.0,1.5,0.5,1.5,0.5,32.5,27.0,25.0,25.75,40.75,11.5,27.5,2.5,4.5,3.5,3.0,2.0,5.5,1.5,1.0,7.0,2.5,4.5,4.5,3.0,3.5,2.5,1.0,140717c1,
nm20160128c0,PN,DL2d,0.0,0.0,0.0,0.0,0.0,0.0,0.0,0.0,0.0,0.0,0.0,0.0,0.0,0.0,0.0,0.0,0.0,0.0,0.0,0.0,0.0,0.0,0.0,0.0,0.0,0.0,0.0,0.0,0.0,0.0,0.0,0.0,0.0,0.0,0.0,0.0,0.0,0.0,0.0,0.5,0.0,0.0,-0.5,0.0,,160128c0,
nm20141024c1,PN,DL4,0.0,1.0,0.5,0.75,1.5,-0.75,0.0,-1.0,1.0,2.0,0.25,0.0,1.0,-0.5,0.5,0.75,0.5,1.0,1.0,2.0,-0.5,1.0,0.5,1.0,2.5,1.5,0.0,0.5,2.25,0.5,1.0,0.5,4.0,0.5,0.5,1.5,1.5,1.0,0.5,2.25,1.0,3.0,0.5,2.0,,141024c1,
nm20140721c1,PN,DL5,4.25,108.0,7.5,16.0,22.25,24.75,29.0,25.25,6.0,6.0,6.75,4.5,7.0,1.0,3.5,1.5,10.25,2.0,5.25,5.5,4.0,2.75,6.5,1.5,4.5,6.5,3.75,5.5,2.25,6.0,5.75,-1.25,5.5,3.5,8.0,19.75,0.25,3.0,-1.0,10.5,6.75,7.0,9.75,13.5,2.5,140721c1,
nm20141031c1,PN,DL5,4.0,109.75,6.0,3.75,4.0,17.25,30.5,16.0,0.0,3.5,0.0,0.0,0.0,0.5,-2.0,0.75,3.0,2.0,2.5,2.0,1.0,0.5,3.25,3.5,4.5,2.5,3.5,4.5,-0.75,2.0,1.0,-0.5,2.5,1.5,2.25,10.5,0.25,3.25,2.25,4.0,3.5,3.0,8.75,6.25,,141031c1,
nm20141105c1,PN,DL5,8.5,87.0,4.0,4.25,1.5,9.5,19.25,21.0,2.75,30.0,1.5,0.0,4.5,2.0,7.25,8.0,12.0,0.5,4.5,4.0,5.5,1.0,2.25,7.5,11.75,7.0,-0.25,7.75,4.0,5.0,2.25,5.75,4.25,3.75,1.25,28.0,4.5,6.5,1.25,5.0,24.75,-2.5,26.75,2.5,,141105c1,
nm20141204c1,PN,DL5,3.0,264.5,27.25,25.5,27.25,49.0,65.75,46.75,3.5,46.0,5.75,5.25,2.5,1.5,3.0,9.5,14.25,6.5,13.75,5.5,5.75,9.25,16.75,17.0,14.0,10.5,5.0,17.0,9.0,9.5,12.5,16.0,15.25,16.25,15.0,63.0,2.0,8.25,27.25,23.25,28.0,7.5,40.25,10.75,,141204c1,
nm20150126c0,PN,DL5,4.75,199.5,10.0,13.0,6.75,31.25,50.0,10.75,37.25,89.5,44.25,36.25,8.5,22.75,64.0,36.75,33.25,22.25,34.5,2.25,25.0,27.25,24.5,24.5,22.75,25.5,15.5,29.0,13.0,60.0,37.5,53.0,38.25,39.75,38.25,61.25,3.75,48.75,55.5,56.75,48.25,44.25,53.25,33.0,,150126c0,
nm20160129c1,PN,DL5,0.0,125.0,10.75,26.0,19.5,22.0,34.0,36.5,0.0,0.0,0.5,0.0,0.0,0.0,0.5,2.0,0.0,3.5,0.0,0.0,0.0,0.0,2.0,10.0,0.0,0.0,0.5,0.0,6.0,14.0,0.0,0.0,0.0,0.0,0.0,0.0,0.0,0.0,3.5,0.0,0.0,14.0,47.5,8.0,1.5,160129c1,
nm20160217c1,PN,DL5,17.5,119.25,22.5,22.75,26.25,2.25,80.5,36.75,10.0,11.0,17.0,2.25,7.0,11.25,21.75,16.5,2.75,17.75,5.0,3.0,7.75,11.75,9.0,15.5,4.5,3.25,5.5,8.0,21.75,89.5,1.0,2.0,3.0,0.0,1.75,-1.0,1.0,1.25,61.75,1.5,0.75,93.5,110.0,60.5,,160217c1,
nm20141015c1,PN,DM2,0.0,26.5,36.25,51.25,94.0,5.5,3.25,3.0,4.5,14.0,3.25,1.5,108.25,5.0,31.5,47.5,3.0,2.25,0.5,2.5,1.75,3.0,3.0,-0.75,0.75,0.25,3.25,1.0,0.5,,,,,,,,,,,,,,,,,141015c1,
nm20141112c0,PN,DM2,-1.5,20.5,29.0,30.0,63.5,0.5,0.75,1.0,2.75,4.75,5.75,2.75,71.0,1.75,19.25,3.25,3.0,-0.25,3.5,4.75,6.0,3.25,-4.75,-0.5,1.5,3.5,1.75,1.75,4.0,1.75,5.75,7.0,7.5,10.0,8.0,24.75,6.0,1.5,8.25,8.5,16.25,5.75,8.0,3.5,-1.5,141112c0,
nm20150204c0,PN,DM2,-0.25,30.0,22.75,26.5,57.0,1.5,0.75,0.5,6.75,7.5,8.75,5.75,42.75,2.25,31.25,-2.0,-6.0,-2.25,0.25,3.5,8.5,3.25,-0.25,-1.0,2.0,3.5,0.25,5.5,1.75,0.5,5.75,2.5,5.5,4.0,3.0,34.5,-0.5,0.75,5.0,3.25,0.75,4.0,24.25,5.25,,150204c0,
nm20141016c2,PN,DM3,-2.0,1.0,3.5,87.5,74.5,2.0,-0.5,2.5,3.5,0.0,-1.5,4.0,40.5,-1.5,19.5,2.5,0.0,-0.5,1.0,0.0,1.5,0.0,-2.0,0.0,-1.0,0.0,-0.5,2.0,0.5,-1.5,1.25,0.0,0.5,0.0,-1.0,1.0,0.0,1.0,-0.75,1.0,-0.5,1.0,1.0,1.5,,141016c2,
nm20140908c0,PN,DM6,0.0,1.5,0.0,20.5,44.5,1.5,0.5,0.0,0.25,0.0,1.0,0.5,34.0,0.5,1.5,0.0,0.0,1.0,0.0,1.75,0.0,0.5,0.0,-0.5,0.5,1.5,5.5,0.0,5.0,2.25,0.75,0.5,1.5,0.75,0.5,3.0,-0.5,1.0,1.0,4.0,1.0,1.0,0.0,0.5,0.0,140908c0,
nm20140910c0,PN,DM6,4.25,3.75,-1.5,21.25,52.0,11.0,4.0,6.25,5.0,4.75,12.75,5.5,48.5,2.25,7.0,13.5,1.5,9.75,1.0,2.5,1.5,-3.75,0.75,12.5,1.5,1.0,29.25,4.75,21.75,,,,,,,,,,,,,,,,,140910c0,
nm20140911c0,PN,DM6,5.25,0.75,4.25,18.75,51.5,4.0,3.5,4.0,2.75,1.5,0.75,0.75,42.0,1.5,0.75,0.75,2.5,9.0,8.75,-0.25,3.5,5.0,0.5,3.75,4.75,3.0,14.75,0.25,14.0,7.5,4.5,2.5,5.0,0.0,1.25,1.5,0.25,5.0,4.25,7.0,1.25,1.5,3.75,4.75,5.75,140911c0,
nm20141022c1,PN,DM6,1.5,2.5,2.75,14.75,60.5,6.0,1.0,1.5,2.0,0.5,6.0,0.5,55.0,0.5,3.0,1.0,0.0,3.5,1.5,1.0,-1.0,1.0,3.0,2.0,0.0,1.0,17.0,1.75,3.0,1.5,0.5,0.0,1.0,1.5,-1.25,2.5,1.0,-0.5,3.0,20.5,3.5,2.0,1.5,2.5,0.5,141022c1,
nm20160121c0,PN,DM6,4.0,0.5,2.0,3.5,2.0,2.0,0.5,0.5,1.0,-1.0,0.0,4.25,4.5,0.5,7.0,-0.25,1.5,2.0,1.0,-0.25,0.5,-2.0,4.5,2.25,2.5,2.5,2.5,0.0,3.5,2.25,0.5,2.75,-0.25,1.0,-2.0,0.5,-2.25,2.0,1.0,-0.5,2.5,0.75,1.5,0.75,,160121c0,
nm20160129c0,PN,DM6,2.5,1.5,0.0,0.0,5.5,5.5,-4.5,2.0,2.5,4.0,1.5,2.5,51.0,0.5,3.5,0.5,1.5,3.5,3.5,2.75,2.0,2.0,6.0,4.5,0.0,0.25,1.0,-1.75,3.75,3.0,1.5,1.0,1.5,0.5,0.0,0.0,1.5,1.0,4.25,44.5,1.5,4.5,0.0,1.25,1.0,160129c0,
nm20141107c0,PN,VA1d,2.75,1.0,0.0,2.25,-0.5,1.0,-0.25,2.5,1.25,3.5,0.75,1.25,2.0,5.0,1.25,2.25,2.0,1.75,3.5,-2.5,3.0,2.25,2.0,0.5,2.5,1.0,2.75,1.5,0.25,7.0,6.25,4.75,-0.5,3.75,4.75,3.0,,,,,,,,,,141107c0,
nm20140721c0,PN,VA1lm,0.0,0.0,0.0,0.0,0.0,0.0,0.0,0.0,-0.5,0.5,0.0,0.0,0.0,0.0,0.0,5.0,0.0,10.0,0.0,0.0,4.0,1.0,3.0,0.0,0.0,1.5,4.5,7.0,3.0,4.0,0.5,0.5,1.0,2.0,1.5,0.5,,,,,,,,,3.25,140721c0,
nm20140828c1,PN,VA1lm,0.0,0.5,1.0,1.25,-0.75,0.0,0.0,3.0,0.5,0.0,-0.25,-0.5,1.0,0.0,0.5,1.5,0.5,-1.75,0.75,1.0,1.0,1.0,0.5,0.0,-0.5,0.0,1.0,1.5,0.5,1.0,-0.5,0.0,0.0,-0.5,0.0,0.0,0.0,0.5,1.5,1.0,0.0,0.0,0.0,0.0,0.75,140828c1,
nm20140829c1,PN,VA1lm,-0.5,0.5,0.0,0.0,0.0,0.0,0.0,0.5,0.0,0.5,0.0,0.0,0.0,-1.0,-0.5,0.5,0.5,0.0,0.0,-0.5,0.0,0.0,0.0,0.0,0.0,0.0,0.0,3.5,0.5,0.0,0.0,0.0,0.0,0.0,0.0,0.0,0.0,0.0,0.0,0.0,0.0,0.0,0.0,-0.5,0.0,140829c1,
nm20141024c0,PN,VA1lm,0.0,0.0,0.0,0.5,0.0,0.0,0.0,0.0,0.0,0.0,0.0,0.0,3.5,0.0,0.0,,,,,0.5,,,1.0,0.5,0.5,0.25,1.0,4.0,0.0,2.5,1.5,1.5,1.75,0.5,2.0,1.5,,,,,,,,,4.0,141024c0,
nm20141110c0,PN,VA1lm,0.0,-0.25,-0.5,0.0,-1.0,0.5,2.5,1.0,-1.0,0.5,1.0,-0.5,1.25,1.0,0.5,0.5,2.25,0.5,1.5,2.5,0.5,0.5,0.5,1.5,0.0,1.5,1.5,0.25,3.25,1.0,-0.75,0.5,0.0,0.75,0.5,1.5,1.75,2.0,1.0,1.5,3.5,1.25,1.5,1.5,,141110c0,
nm20141208c2,PN,VA1lm,0.0,11.5,-0.5,5.5,15.5,7.5,-0.5,3.0,1.0,1.0,-0.75,8.0,9.5,0.5,-2.75,20.0,0.5,22.5,-0.5,0.25,1.0,-2.0,6.0,5.0,1.0,-0.5,1.0,22.5,1.0,6.0,5.5,-0.5,4.5,0.5,1.0,1.5,0.5,1.0,0.0,16.0,0.5,1.0,7.5,0.0,4.5,141208c2,
nm20141211c1,PN,VA1lm,0.0,0.0,0.0,0.0,0.0,0.0,0.0,0.0,0.0,0.5,0.0,0.0,0.0,0.0,1.0,0.0,0.0,0.0,0.0,0.0,0.0,0.0,0.0,0.0,0.0,0.0,0.0,0.0,0.0,0.0,0.0,0.0,0.0,0.0,0.0,0.0,0.5,0.5,0.0,0.0,0.5,0.5,0.5,0.5,,141211c1,
nm20150115c2,PN,VA1lm,1.5,-0.75,0.5,1.5,0.5,0.5,1.25,-1.25,0.5,0.0,1.5,1.25,0.5,1.0,0.25,-0.5,2.0,3.5,1.0,1.0,3.5,1.5,2.0,2.5,0.0,1.0,1.5,2.0,0.0,2.0,0.0,1.0,0.75,0.75,1.5,6.0,-0.25,4.0,3.0,1.5,3.0,-0.25,2.5,2.5,1.0,150115c2,
nm20140714c1,PN,VA3,2.0,0.0,3.5,0.5,4.5,6.0,11.5,3.5,4.0,14.5,18.5,5.0,11.0,7.0,3.5,8.5,9.0,12.5,2.5,0.5,2.5,4.5,3.5,4.0,8.5,11.5,1.5,5.0,1.0,9.5,7.5,6.5,13.25,10.75,16.5,16.5,0.0,1.0,5.5,12.0,11.0,2.5,16.0,11.0,13.0,140714c1,
nm20151229c2,PN,VA3,4.0,1.0,1.0,1.0,0.0,14.0,2.0,1.5,1.5,1.0,31.5,2.5,0.0,0.0,0.5,1.5,0.25,20.5,0.5,1.0,-1.0,0.0,2.5,1.0,0.5,1.5,3.25,14.5,3.5,2.0,0.0,-6.5,-13.25,5.5,-0.25,4.0,19.5,1.75,1.75,55.5,55.5,6.0,7.0,2.25,,151229c2,
nm20160119c0,PN,VA3,0.5,1.75,7.0,1.75,7.0,65.75,14.75,6.5,24.0,14.5,116.25,14.75,17.0,17.75,24.75,3.5,2.0,-1.0,2.75,2.5,3.0,2.5,-3.0,-0.5,0.75,-0.75,-2.0,0.5,-0.5,-4.75,7.5,0.25,15.5,11.5,0.5,-0.5,0.25,1.75,0.75,44.75,3.5,-1.25,-2.25,6.0,-0.5,160119c0,
nm20160120c0,PN,VA3,0.0,0.0,0.0,0.0,0.0,32.5,0.0,0.0,9.25,14.5,49.75,4.0,6.5,13.0,17.5,0.0,0.0,4.5,0.0,0.0,0.0,0.0,0.0,0.0,2.0,0.0,2.0,2.0,0.0,0.0,0.5,0.0,-0.5,0.0,5.5,1.0,0.5,0.75,0.5,29.5,3.0,-0.25,1.0,1.0,0.0,160120c0,
nm20160304c1,PN,VA3,2.5,2.5,3.5,1.5,1.0,2.5,1.0,1.25,10.25,5.75,71.75,2.5,6.25,6.75,10.0,4.0,0.5,0.0,1.0,1.5,-0.5,0.0,0.5,0.5,0.5,1.0,1.5,1.5,0.0,0.0,3.0,2.0,1.5,0.5,1.0,0.5,0.5,1.0,0.5,2.0,2.5,1.5,1.0,1.0,,160304c1,
nm20141022c0,PN,VA4,1.25,1.25,4.5,5.0,0.25,2.0,5.75,2.25,2.0,20.5,2.75,0.75,1.5,64.0,-0.75,-2.5,7.75,-4.25,5.0,4.0,3.75,3.75,3.25,5.5,3.5,8.25,4.0,6.0,4.25,8.5,0.75,6.25,3.0,6.25,8.0,15.25,0.75,5.0,7.25,0.0,3.25,-1.0,2.5,9.0,1.75,141022c0,
nm20141015c0,PN,VA7m,0.5,0.0,0.5,0.0,0.5,0.5,1.5,0.0,0.5,0.0,0.0,0.0,2.5,-0.5,0.5,0.0,1.0,-1.5,2.0,0.5,-0.5,0.0,1.0,1.0,0.5,0.5,1.5,0.5,1.0,0.0,0.0,-0.5,1.5,0.5,1.0,-0.25,0.5,0.5,0.0,0.0,0.0,0.5,0.75,1.0,,141015c0,
nm20160307c0,PN,VA7m,2.75,2.0,0.5,2.0,0.75,4.5,3.75,4.75,2.5,2.5,-0.75,1.5,1.5,2.0,2.0,1.0,3.0,-2.0,4.0,4.5,3.75,0.0,4.0,1.0,2.0,3.75,2.0,3.25,-0.5,3.0,0.5,3.0,0.75,0.5,-0.75,1.25,1.0,8.5,4.0,5.0,5.5,2.75,2.25,2.0,,160307c0,
nm20160303c0,PN,VC5,8.25,31.5,4.0,4.0,1.5,2.25,0.5,3.5,20.25,54.0,3.5,1.5,4.0,3.5,9.0,26.5,36.0,3.75,38.75,1.0,35.5,39.25,27.0,22.0,1.5,2.5,-1.0,11.0,30.5,25.0,0.0,1.0,2.0,1.75,1.5,1.5,0.0,5.5,25.0,59.5,3.0,40.0,1.5,18.0,,160303c0,
nm20141027c0,PN,VM2,0.25,1.75,16.0,70.0,27.75,68.0,15.75,-2.0,46.5,25.75,39.25,134.0,3.0,11.0,118.0,5.25,10.25,17.0,15.5,1.5,8.5,9.25,3.0,2.5,5.25,14.5,10.75,4.5,3.5,4.0,6.5,22.75,15.25,7.0,10.25,51.25,9.5,5.75,9.5,3.25,13.5,6.5,7.5,4.75,2.75,141027c0,
nm20150119c0,PN,VM2,2.0,16.75,9.0,49.5,47.0,48.5,9.5,12.75,2.25,7.75,10.5,62.0,4.75,4.5,49.75,4.5,2.0,7.25,1.0,0.25,2.0,1.0,3.25,2.0,3.5,2.75,4.0,1.75,2.5,-1.0,2.75,3.0,-2.25,2.75,1.75,4.0,0.0,1.75,3.75,3.0,3.0,-0.5,3.0,2.25,10.0,150119c0,
nm20160125c0,PN,VM2,4.5,8.0,12.0,70.5,54.5,89.5,22.0,6.0,21.0,27.75,26.75,60.0,18.5,18.75,23.0,3.0,-0.25,60.0,0.0,0.5,3.0,8.0,52.5,45.0,32.0,32.75,8.5,0.25,50.5,51.0,8.0,18.5,0.5,0.0,-0.5,0.0,0.5,-0.25,43.0,3.0,0.75,59.5,23.0,47.5,0.5,160125c0,
nm20141105c0,PN,VM3,6.25,-2.0,9.75,4.0,3.75,56.75,32.25,8.75,40.25,51.0,43.0,165.25,6.25,12.0,138.0,5.5,2.25,-7.25,5.5,6.0,2.5,7.25,0.5,5.75,1.75,13.5,-5.0,4.75,0.25,2.75,4.5,13.5,13.25,10.25,7.5,58.0,0.75,7.0,11.25,7.25,11.25,-1.25,58.0,7.5,1.0,141105c0,
nm20141126c2,PN,VM7d,1.75,3.5,1.75,28.25,4.75,4.5,15.5,8.0,3.75,3.0,-1.0,1.75,0.0,4.0,3.0,31.75,-2.5,3.25,-0.5,3.75,0.25,1.25,4.25,5.75,2.5,4.25,3.25,1.5,-1.0,4.5,3.75,1.5,0.5,2.5,4.75,2.5,2.0,4.75,-0.5,4.75,3.25,5.0,0.75,1.25,,141126c2,
nm20141210c1,PN,VM7d,8.0,50.25,4.25,93.25,22.75,23.75,84.0,25.25,2.0,4.5,1.75,-1.75,-0.25,3.75,0.75,109.75,3.5,9.5,5.0,10.0,10.5,4.5,4.0,6.0,3.25,6.5,3.25,-1.25,10.25,2.75,0.5,15.5,-0.5,1.75,2.0,14.25,3.5,7.5,3.0,5.0,4.5,4.5,4.5,0.75,1.0,141210c1,
nm20160208c0,PN,VM7d,-0.5,12.5,2.25,20.25,4.5,6.25,10.5,7.25,4.75,4.5,0.25,7.0,-1.0,-0.75,11.75,8.25,2.0,8.25,1.5,-0.75,-1.5,2.0,11.75,4.75,2.75,-2.75,1.25,2.0,1.0,1.25,4.0,4.0,-0.75,1.75,3.0,7.5,1.5,5.5,1.75,0.0,1.25,-0.25,-1.0,0.25,5.5,160208c0,
nm20160211c0,PN,VM7d,3.25,-1.25,1.5,5.5,4.0,1.0,1.25,0.0,2.25,12.0,1.25,0.0,-5.0,6.75,-0.75,22.0,2.25,3.0,5.25,0.5,3.25,1.25,1.5,2.25,-0.75,-1.5,2.5,-1.5,-3.0,3.5,4.0,1.0,1.75,0.0,0.5,2.5,3.75,4.25,5.25,1.0,1.25,1.5,3.75,2.5,15.0,160211c0,
nm20160215c0,PN,VM7d,3.75,3.5,0.0,14.5,5.25,5.5,3.75,0.5,1.0,-1.25,1.75,0.0,1.75,-0.5,2.5,7.0,-0.25,3.0,1.25,-2.25,0.25,0.25,1.5,3.0,1.25,4.25,1.75,0.0,2.25,3.5,-1.25,2.5,2.5,1.5,-0.25,1.5,3.25,0.0,2.25,-0.5,0.25,4.25,0.75,2.75,12.75,160215c0,
nm20140730c2,PN,VM7v,-0.25,-2.75,0.75,2.0,15.75,0.5,3.0,-2.5,1.0,1.5,7.5,0.0,23.0,3.0,0.5,0.0,1.75,1.0,3.25,4.25,3.0,1.5,0.0,-3.25,1.5,-0.25,0.5,2.5,0.25,1.0,7.5,4.0,1.5,-0.75,-1.25,-2.5,3.0,5.25,2.5,9.0,6.0,2.0,4.5,7.5,8.75,140730c2,
nm20141031c0,PN,VM7v,1.75,0.25,1.5,12.0,7.0,4.0,1.5,2.5,2.5,1.75,3.5,3.0,7.0,1.0,2.0,2.0,0.5,2.75,0.75,2.5,3.0,0.5,2.5,1.0,2.75,0.75,3.5,7.75,2.25,2.0,1.75,1.5,-0.75,0.75,-0.75,3.0,1.0,1.25,-0.25,3.0,2.0,0.0,-1.25,2.0,2.5,141031c0,
nm20150302c1,PN,VM7v,-0.25,4.0,2.25,30.75,20.25,7.25,0.75,3.5,3.5,1.25,1.5,7.0,21.5,0.5,5.5,-0.75,1.0,2.75,1.0,-0.5,5.0,3.0,1.0,2.0,1.75,1.75,2.0,3.5,4.5,3.0,3.25,-0.25,4.5,2.75,2.25,1.5,1.75,3.75,2.25,3.0,5.75,5.5,-1.0,1.75,2.5,150302c1,
nm20160218c0,PN,VM7v,1.0,0.75,-2.25,4.75,7.75,7.0,-0.75,-1.5,2.0,2.75,1.75,3.75,27.25,-4.75,5.5,2.5,0.5,4.25,-2.0,7.25,5.0,2.75,4.5,6.25,5.5,5.25,-1.0,3.75,-0.5,2.0,5.0,-1.5,3.75,2.25,-3.0,3.5,2.75,4.0,0.5,5.5,4.75,4.0,2.25,2.5,5.5,160218c0,
nm20130219c0,L,25,8.0,0.5,7.0,2.0,-0.25,4.5,6.0,-0.25,2.0,2.5,1.0,2.5,1.0,5.0,1.25,2.0,3.75,7.75,0.5,5.0,3.75,8.75,7.5,4.5,5.25,-1.75,5.75,51.5,2.5,5.0,4.25,5.5,-0.75,-1.0,7.0,10.75,0.5,8.0,8.0,30.25,3.25,2.5,6.75,,,130219c0,PV4a4
nm20130403c0,L,25,2.25,-0.75,2.25,3.0,5.75,1.25,0.25,6.25,5.25,-0.75,7.75,3.5,0.5,1.0,2.25,0.0,-0.75,6.25,7.25,-1.0,11.25,4.0,6.0,8.5,6.5,8.25,-1.75,34.75,3.25,4.75,2.5,1.75,17.25,4.75,1.0,3.5,-0.75,4.0,10.75,25.0,2.25,11.5,1.25,11.25,,130403c0,
nm20130702c0,L,25,4.0,9.0,-0.5,5.5,6.5,-0.75,2.75,3.5,9.0,-0.5,2.0,16.0,11.75,1.25,5.25,2.25,5.25,3.5,5.0,-0.5,2.0,6.0,-3.0,4.0,2.5,0.5,0.75,30.25,4.75,5.5,7.25,9.25,3.5,6.75,2.75,-5.5,1.75,-0.5,6.5,43.0,5.5,-1.0,3.0,3.0,,130702c0,
nm20130703c0,L,25,5.5,3.5,-1.0,-0.5,4.5,-0.25,5.25,2.75,5.0,-1.75,4.0,0.25,3.5,2.5,1.75,1.25,3.25,6.5,4.25,7.0,0.75,3.0,1.75,5.75,1.0,-0.75,4.25,16.25,1.0,0.0,6.0,-1.0,-0.5,0.75,-1.25,3.25,3.25,5.25,4.5,18.5,5.5,9.5,2.5,0.25,,130703c0,PV4a4
nm20130710c0,L,25,2.0,1.5,2.0,3.0,1.25,2.0,-0.25,2.75,0.5,3.5,1.75,9.0,0.0,1.5,-2.5,0.5,1.0,0.5,-1.5,2.75,5.0,4.0,5.0,-0.5,-0.5,-3.25,1.5,19.25,0.0,0.75,0.0,2.0,2.25,1.25,3.0,2.0,-1.75,1.5,4.0,22.0,2.0,1.5,4.5,-3.0,,130710c0,
nm20130724c0,L,25,0.5,3.25,-0.5,1.0,1.5,4.0,2.75,1.5,1.0,5.0,-4.25,5.5,0.0,4.25,0.5,0.75,-0.25,2.0,1.0,-0.25,-2.25,4.0,5.0,1.0,-0.5,0.5,6.25,13.5,1.5,1.5,7.5,1.5,0.0,6.5,1.0,2.0,0.5,0.5,7.5,11.75,15.0,0.0,7.5,-0.75,,130724c0,PV4a4
nm20130206c1,L,26,5.0,34.75,2.0,10.0,21.5,21.0,2.5,1.25,21.0,18.0,6.0,30.0,16.5,7.0,14.5,3.75,4.0,46.5,4.0,8.0,-1.5,5.0,7.0,1.0,4.0,4.25,-5.5,2.25,3.25,7.5,-3.5,6.25,6.5,8.0,1.0,2.0,-2.0,-1.5,0.75,3.5,4.5,7.75,-1.0,,,130206c1,
nm20130221c0,L,26,3.5,15.0,4.5,-0.5,12.0,1.25,2.5,2.0,1.0,8.0,2.25,5.0,5.0,-1.5,2.5,0.0,6.0,39.75,3.0,2.25,6.0,1.0,-4.0,2.0,-2.5,0.75,-0.75,-2.25,-2.0,0.0,0.0,0.0,0.5,1.0,5.5,2.75,5.25,0.25,4.0,8.5,2.75,50.0,6.0,,,130221c0,
nm20130313c0,L,26,1.5,10.25,0.5,4.5,5.25,1.5,2.0,-2.0,0.5,4.0,3.25,0.0,-0.5,2.0,3.25,4.25,5.5,26.5,1.25,2.25,7.0,8.0,3.0,1.75,2.0,4.75,4.5,-2.5,2.25,3.5,5.5,3.0,5.75,5.75,4.75,7.0,0.5,0.0,6.5,3.25,0.0,3.5,4.5,,,130313c0,
nm20130408c0,L,26,8.0,24.0,1.75,4.75,6.5,3.5,-4.5,-2.0,7.5,2.5,4.0,10.5,4.25,5.5,11.75,8.25,7.5,30.75,5.5,1.5,5.0,1.0,3.5,-1.5,0.5,7.0,1.75,0.75,2.25,-0.75,7.5,4.25,4.25,3.25,4.75,3.0,-1.25,2.75,6.25,15.25,4.25,4.0,1.25,4.5,,130408c0,PV4a3
nm20130411c2,L,26,0.5,16.5,2.0,1.5,13.75,-3.25,10.5,2.75,3.0,8.5,4.25,0.75,3.0,5.75,5.25,7.0,3.25,32.0,4.5,3.5,5.5,4.0,4.75,4.5,5.0,5.0,2.5,-0.5,1.25,0.25,1.0,-0.5,3.0,5.0,5.5,3.0,5.0,1.0,2.5,3.0,5.0,5.0,0.75,10.25,,130411c2,PV4a3
nm20130416c0,L,26,2.75,15.75,5.25,6.0,13.5,13.0,-0.25,8.75,7.5,9.5,0.25,12.75,2.5,6.75,13.25,5.75,3.25,35.25,3.75,5.0,1.5,3.0,5.75,11.25,2.5,1.0,0.25,8.0,6.0,3.25,5.75,6.5,3.25,2.25,4.25,10.25,1.75,5.0,4.75,2.25,10.5,-3.0,1.0,10.5,,130416c0,
nm20130422c0,L,26,2.5,,,,,,,,-1.0,5.5,2.0,1.5,0.0,0.0,1.75,0.0,1.0,10.0,1.0,0.5,2.0,1.0,2.5,2.5,1.0,2.0,1.25,1.75,1.25,3.5,0.0,0.5,0.5,0.0,0.5,0.5,0.5,0.0,0.0,-0.25,0.0,-0.5,1.0,0.5,,130422c0,
nm20130423c1,L,26,1.75,2.25,1.75,0.5,1.5,1.0,1.0,1.0,1.5,9.5,0.5,2.0,2.0,0.5,2.5,2.5,2.0,30.5,4.0,3.5,1.25,3.0,3.0,0.0,3.25,2.5,0.5,1.0,2.5,-1.0,2.0,3.5,0.5,1.25,-0.5,2.0,0.25,1.0,3.0,6.0,1.0,2.5,0.25,2.75,,130423c1,
nm20130424c0,L,26,1.0,13.5,-0.5,4.5,1.0,-0.75,0.25,2.5,3.5,3.25,0.5,0.75,0.5,5.0,1.0,3.75,-1.25,16.75,2.5,3.25,5.0,5.5,-0.25,1.75,4.0,2.0,-1.0,0.5,3.5,3.5,-0.25,-0.5,6.0,0.5,2.0,-0.5,2.25,7.5,9.0,3.0,2.25,7.5,5.25,6.0,,130424c0,
nm20130704c1,L,26,2.0,16.5,4.75,12.0,27.0,25.25,2.75,4.75,12.5,22.5,6.75,25.75,8.75,5.25,11.75,4.75,6.75,41.25,6.0,0.25,7.0,13.25,1.0,4.5,3.5,2.75,-2.0,1.75,12.0,4.75,3.25,1.25,0.0,1.5,-2.5,10.5,5.25,6.75,9.25,16.5,8.75,11.25,0.25,-0.5,,130704c1,PV4a5
nm20130709c0,L,26,1.5,9.0,3.25,-2.25,10.5,1.0,5.5,1.0,-0.25,13.0,-0.75,0.0,2.5,1.0,2.5,0.25,4.5,35.5,-2.0,2.0,3.5,6.5,1.5,-0.75,6.25,-0.5,4.0,2.0,5.0,3.5,5.0,0.5,4.25,2.25,3.25,7.0,5.75,2.5,2.75,-14.0,10.75,6.0,5.0,9.5,,130709c0,
nm20140122c0,L,26,0.5,9.0,1.0,3.25,2.0,2.5,2.0,0.0,0.5,2.0,1.0,0.5,2.0,0.5,1.0,5.0,1.0,13.0,0.5,0.0,3.0,0.5,0.0,0.0,1.0,-0.5,0.5,0.5,2.5,7.5,0.0,1.0,0.0,0.0,0.5,0.0,0.5,0.0,0.0,2.5,1.0,0.5,0.0,1.0,0.5,140122c0,
nm20130612c1,L,29,7.0,18.25,16.0,10.5,7.0,6.25,19.25,15.0,10.75,10.0,12.25,-2.0,14.0,15.5,11.5,13.0,14.5,8.75,11.25,2.25,23.0,27.0,17.0,24.5,28.5,26.75,25.5,37.25,12.0,33.0,30.75,33.75,35.25,29.25,21.5,31.75,6.75,10.75,24.5,32.75,6.25,13.0,13.5,10.75,,130612c1,
nm20130925c0,L,29,3.5,38.25,29.75,26.5,34.0,28.75,28.5,29.5,38.5,39.5,28.0,32.0,41.0,27.0,42.0,40.5,10.5,2.75,9.5,2.0,43.25,54.25,34.75,36.0,39.0,34.0,37.0,45.5,36.5,10.75,5.0,27.75,9.75,23.75,29.0,44.5,1.5,15.5,23.5,32.5,40.0,9.0,20.5,28.5,28.0,130925c0,
nm20121204c2,L,36,0.75,3.25,1.75,2.0,0.5,-2.5,3.0,3.0,1.5,0.5,-2.25,0.5,1.0,-8.0,1.0,2.0,3.0,21.0,0.5,0.5,1.0,1.5,2.5,0.0,2.0,9.0,2.5,-1.0,9.0,0.5,0.5,4.0,-1.25,2.5,2.0,-0.5,,,,,,,,,,121204c2,
nm20130821c0,L,36,4.25,16.0,4.5,4.75,2.0,1.5,2.5,6.0,-1.0,1.5,5.5,0.5,-0.75,-1.5,3.75,1.25,2.0,26.0,5.0,6.5,10.0,1.5,7.5,4.5,15.0,19.0,5.0,1.0,9.0,3.0,-0.75,2.0,0.5,1.0,4.5,4.5,6.75,2.25,0.75,2.5,11.5,3.5,2.5,6.5,,130821c0,PV4a7
nm20130826c0,L,36,3.5,9.5,-2.25,7.25,8.5,0.5,7.5,8.5,4.0,-1.75,0.0,0.0,0.5,-0.25,-1.0,9.5,4.75,25.0,4.5,4.0,6.75,6.25,6.5,0.5,-2.5,20.5,8.0,5.0,2.75,3.25,4.5,6.5,-0.25,8.0,3.75,6.5,4.75,6.75,0.75,6.75,4.0,-1.5,7.75,12.0,22.25,130826c0,PV4a7
nm20130829c0,L,36,7.25,0.25,1.5,3.75,4.25,2.25,-0.25,-1.75,3.25,5.0,9.5,1.25,3.5,0.5,4.0,4.5,5.75,27.25,7.0,4.5,3.0,3.75,-0.5,9.0,0.75,17.25,4.75,2.25,-1.0,3.75,4.25,1.75,6.25,-5.0,5.5,8.25,2.25,2.25,2.25,3.5,4.0,2.5,-1.25,1.0,6.25,130829c0,PV4a7
nm20130925c1,L,36,13.25,12.5,11.0,10.0,-0.25,-0.25,-1.75,2.25,5.0,-5.0,2.0,-4.25,-0.5,5.5,-5.25,5.5,5.25,16.25,-5.5,-1.25,2.5,1.5,3.0,14.5,18.5,22.25,20.75,1.5,21.75,-0.75,-1.75,10.5,6.75,5.25,0.75,-2.75,11.25,-1.75,-3.0,0.75,14.25,4.5,2.25,2.0,7.75,130925c1,
nm20130424c1,L,38,4.0,0.5,2.25,-0.75,-2.75,0.75,9.5,7.75,-6.75,-4.0,-1.5,-2.0,2.75,0.25,-1.0,2.5,1.0,-1.5,-0.5,0.75,1.0,1.25,-4.5,7.25,-2.0,29.25,9.75,-3.0,11.5,3.0,3.75,0.25,0.25,2.0,0.5,3.0,,,,,,,,,,130424c1,
nm20130829c1,L,38,1.0,16.75,1.25,1.75,2.0,0.0,6.5,2.75,4.5,0.25,-0.75,-5.5,2.0,3.25,-1.5,9.75,0.25,12.75,-4.25,7.25,2.5,0.0,-2.5,7.5,5.75,28.75,6.0,7.5,5.75,-1.25,1.0,6.0,2.75,6.25,7.25,-0.5,9.25,4.75,7.75,-5.25,12.25,2.5,4.5,5.0,20.5,130829c1,PV4a7
nm20130911c0,L,38,4.75,30.5,3.5,4.5,-1.0,-6.0,8.5,3.5,3.0,5.0,5.0,-0.75,-0.5,2.0,7.0,10.5,0.75,-3.5,3.25,4.25,3.75,10.0,-0.25,5.5,13.5,27.0,16.25,-0.75,7.75,7.25,11.5,4.0,1.75,7.25,3.75,12.5,-1.25,-0.5,4.0,1.25,11.0,9.75,6.75,0.25,29.5,130911c0,PV4a7
nm20130924c0,L,38,-2.25,9.0,-0.5,-1.0,-1.25,-0.5,5.0,0.5,0.25,0.0,-0.5,-1.0,0.0,0.0,0.0,6.0,1.5,0.0,1.0,2.25,6.5,6.0,0.5,6.0,8.0,18.0,7.5,1.0,3.0,-0.25,5.0,-0.75,1.0,0.5,2.0,-3.5,1.0,1.25,-0.25,0.0,0.0,2.5,0.5,1.0,,130924c0,
nm20130925c3,L,38,3.25,24.5,-0.5,-1.0,-1.0,-0.75,16.0,-2.0,-6.5,-3.0,-2.0,-0.5,0.25,0.5,-0.5,5.0,-2.25,0.0,-1.0,5.0,-1.75,-1.5,2.0,5.0,16.0,22.0,9.25,-0.5,6.25,1.5,9.0,0.25,4.0,-0.5,0.0,-0.75,1.5,7.0,1.25,-0.5,6.5,5.5,0.0,1.0,,130925c3,
nm20130926c0,L,38,3.75,11.5,0.0,1.0,-1.25,-0.5,5.25,3.5,0.0,2.5,1.25,-0.5,-1.0,-1.0,-0.5,0.25,1.5,-2.0,0.0,5.25,4.5,0.25,5.25,8.0,13.75,25.5,11.25,3.5,10.0,8.0,4.5,0.75,2.0,-1.0,2.5,0.25,2.0,9.5,0.75,-0.5,-0.75,2.5,7.0,-1.0,0.5,130926c0,
nm20130927c1,L,38,2.0,9.0,0.0,0.0,-0.5,2.0,3.5,0.5,0.5,0.0,1.5,0.5,0.0,0.0,0.0,-0.5,0.0,2.25,0.0,1.5,1.5,0.0,1.0,0.5,4.0,8.5,2.5,0.5,3.0,3.5,1.0,0.0,1.0,2.0,2.5,0.0,0.5,0.0,0.5,0.0,0.0,-0.25,0.5,0.5,2.5,130927c1,
nm20131001c0,L,38,2.5,22.25,1.0,-2.5,2.0,-2.0,1.0,-0.75,-4.0,2.0,3.0,-3.25,3.0,5.5,1.25,-3.5,6.0,2.25,-2.0,7.0,1.25,6.25,5.0,2.5,9.75,9.0,6.75,0.5,15.5,2.0,1.25,9.75,7.5,4.5,2.25,7.75,3.75,3.5,6.5,4.5,6.25,-2.0,1.0,8.0,14.75,131001c0,
nm20140210c3,L,38,1.0,36.75,5.75,-4.25,0.25,-5.0,24.0,0.5,3.25,0.5,5.25,2.5,0.0,6.5,1.25,10.25,1.0,0.0,13.25,-3.0,10.25,7.0,16.75,14.75,13.25,29.5,22.5,1.0,15.75,3.0,3.0,-1.0,1.0,2.0,0.75,2.25,2.0,4.75,8.0,3.0,11.0,4.5,1.75,2.25,6.25,140210c3,
nm20130619c0,L,39,3.0,15.5,23.75,10.75,7.0,12.0,24.75,24.0,8.0,3.0,16.0,5.5,4.5,12.25,4.25,12.5,7.0,4.5,6.5,0.5,12.0,20.0,14.0,12.0,12.0,12.0,14.5,22.5,8.5,19.75,16.5,23.5,20.75,15.5,18.0,24.0,0.5,1.5,13.0,13.0,10.0,8.75,4.75,9.25,,130619c0,PV4a2
nm20130619c1,L,39,0.5,18.5,4.0,3.5,7.0,10.5,13.0,11.5,5.5,5.5,0.0,5.25,9.0,0.0,7.0,15.0,4.0,12.0,0.0,1.0,11.0,3.5,13.75,10.5,14.75,12.0,8.5,31.5,12.5,5.5,5.0,4.25,2.75,6.25,12.5,21.0,1.5,1.5,9.5,27.25,3.5,2.0,11.0,17.0,,130619c1,
nm20130625c0,L,39,8.0,34.0,9.75,10.0,3.75,10.5,11.0,7.75,17.5,15.0,4.5,5.0,20.75,4.5,10.5,21.0,10.5,18.0,10.25,1.5,37.0,31.0,21.75,32.0,32.5,28.5,25.25,40.5,7.5,29.5,19.5,16.0,23.75,15.25,12.5,45.5,3.0,2.0,21.0,37.75,20.0,10.75,12.0,12.75,,130625c0,PV4a2
nm20130822c1,L,39,0.0,37.5,5.0,9.5,2.0,10.0,7.0,8.0,11.0,6.0,2.0,8.25,3.0,1.5,11.0,14.0,0.5,0.0,-0.75,1.0,0.5,0.0,17.25,5.5,16.0,23.5,25.5,5.5,24.0,4.5,0.0,0.5,2.0,0.0,15.5,8.0,0.0,0.0,1.0,6.0,1.0,2.0,11.0,0.0,7.0,130822c1,
nm20130911c2,L,39,0.0,16.0,0.0,0.0,2.0,16.0,7.5,0.0,1.5,11.5,1.5,1.0,0.0,1.0,3.0,10.5,2.5,6.5,2.0,0.0,9.0,0.0,5.5,0.5,2.0,2.0,2.5,11.0,2.0,0.0,0.5,1.5,3.0,4.0,2.0,9.0,0.0,4.0,0.0,17.5,0.5,1.5,5.0,9.0,0.0,130911c2,PV4a6
nm20130912c0,L,39,2.5,84.5,21.25,19.0,10.0,33.5,32.25,17.0,11.5,16.0,4.0,8.0,8.0,6.0,6.5,10.5,17.0,10.5,4.0,0.0,29.0,16.5,14.5,9.5,18.5,13.5,15.0,21.5,33.0,2.0,1.0,5.0,9.0,5.5,8.0,11.0,0.5,10.5,7.0,27.0,21.5,8.0,7.0,8.5,4.0,130912c0,PV4a6
nm20130913c0,L,39,1.5,31.5,0.75,3.5,1.0,7.0,3.5,4.0,2.0,0.0,0.0,0.0,1.0,0.0,0.0,7.0,5.5,10.0,1.5,0.0,11.5,5.5,11.0,10.5,9.0,11.0,10.5,31.5,3.0,4.0,3.5,4.5,2.0,6.0,4.5,25.0,0.0,4.5,5.5,34.0,7.0,4.0,9.0,8.5,0.0,130913c0,PV4a6
nm20130913c1,L,39,3.0,64.0,19.5,5.0,2.0,17.5,19.0,15.25,5.5,11.5,3.5,1.5,3.5,5.0,1.0,15.5,7.5,6.5,8.0,-2.0,25.0,17.5,10.0,11.5,21.0,13.0,12.0,30.5,16.5,14.0,12.0,12.0,14.5,7.5,15.25,16.5,1.5,14.5,10.5,64.5,30.5,15.0,9.5,17.0,20.0,130913c1,
nm20130924c1,L,39,0.75,89.5,32.5,47.5,19.5,54.0,33.25,31.0,17.0,21.5,5.5,10.0,3.0,4.5,11.0,23.5,15.5,24.25,5.0,0.5,27.0,18.0,39.0,31.5,27.0,28.0,38.25,24.5,57.5,16.0,12.0,18.5,17.0,9.0,20.0,29.5,1.0,16.25,16.75,76.0,54.5,24.5,27.0,51.0,3.75,130924c1,
nm20130926c1,L,39,2.5,18.5,10.25,-1.5,3.0,7.0,12.75,7.75,6.0,2.75,6.0,4.0,14.0,-0.5,2.0,13.5,11.5,2.5,3.75,1.5,14.25,5.75,4.0,8.0,7.0,8.25,9.5,23.5,-1.0,9.25,5.0,14.5,8.25,7.0,5.0,20.0,0.5,5.75,3.5,13.0,6.0,5.5,-1.5,10.5,1.0,130926c1,
nm20130927c0,L,39,0.0,26.0,7.5,0.5,5.5,15.0,17.0,6.0,6.0,13.0,5.5,3.0,8.0,6.0,5.0,6.5,9.5,1.5,8.0,2.0,22.0,23.75,17.5,14.75,20.5,13.0,15.75,32.75,30.5,10.5,11.25,10.5,13.5,2.0,12.75,24.5,1.75,11.0,4.75,56.5,38.0,6.0,8.75,16.0,8.5,130927c0,
nm20131001c1,L,39,10.5,58.0,13.0,11.0,9.5,8.5,17.75,11.5,16.5,12.0,11.5,14.5,10.0,8.5,7.0,28.0,8.0,4.0,0.0,1.0,0.75,10.5,31.0,15.0,26.0,29.0,30.5,19.0,12.0,3.0,16.5,10.0,9.5,-1.25,7.75,9.75,2.0,7.0,1.0,27.0,7.0,8.0,22.5,10.0,10.0,131001c1,
nm20131002c0,L,40,1.0,1.75,4.5,31.5,64.0,17.5,1.0,4.0,8.5,19.5,18.0,14.5,86.5,5.5,28.0,0.5,1.0,-0.25,1.5,2.75,0.25,0.0,0.5,2.75,0.0,1.5,-0.5,0.5,1.0,2.0,1.0,1.0,0.75,0.25,0.5,0.0,0.0,0.75,3.0,3.5,1.0,0.5,0.0,2.0,3.0,131002c0,
nm20131002c2,L,40,0.0,0.0,4.0,7.5,36.5,1.5,0.0,0.5,9.25,7.0,12.0,30.5,44.5,3.5,35.5,0.5,0.25,0.0,0.0,0.0,0.5,0.0,0.0,0.0,-1.0,0.0,0.0,0.0,0.0,1.5,1.0,0.0,0.5,0.5,-0.5,1.5,0.0,0.0,0.0,0.0,0.0,0.75,0.0,3.5,0.0,131002c2,AV4a1
nm20131003c0,L,40,5.0,16.5,29.0,37.5,53.75,44.0,4.0,20.0,36.0,42.5,17.0,3.5,46.25,10.75,15.75,30.5,12.75,8.25,7.5,0.5,6.0,3.75,0.75,3.5,7.0,2.0,-1.5,2.5,5.0,0.5,4.5,4.25,6.0,1.5,5.5,13.5,0.0,2.5,10.0,13.0,13.0,3.0,5.0,25.0,54.5,131003c0,AV4a1
nm20131004c0,L,40,0.5,10.0,15.0,22.0,69.0,29.0,2.5,6.0,15.25,26.0,22.0,17.5,58.0,10.0,31.0,7.0,5.0,6.0,4.5,2.5,6.0,3.5,1.5,2.5,5.5,9.5,2.5,12.5,4.0,10.0,-1.75,4.0,4.75,9.0,6.5,20.0,1.5,0.25,7.75,9.5,2.5,4.5,9.0,35.5,7.75,131004c0,
nm20131008c1,L,40,3.0,14.5,7.5,36.5,39.0,41.5,5.0,8.0,22.0,31.0,10.0,4.5,38.5,4.5,17.5,14.0,10.5,1.0,10.5,0.5,8.0,3.0,-0.5,0.0,9.5,0.0,0.5,1.0,11.5,1.0,0.0,0.0,7.5,1.5,4.0,8.0,0.25,3.5,1.75,7.5,10.5,5.75,0.5,6.25,27.0,131008c1,
nm20131014c1,L,40,0.0,1.0,15.0,17.5,39.5,11.0,7.0,2.5,9.5,13.5,11.0,12.0,62.0,5.0,25.0,1.5,0.5,-3.25,0.0,-0.25,0.5,0.5,-0.25,0.5,-0.5,1.0,1.0,2.0,-0.5,0.5,1.5,2.0,6.5,-0.5,2.0,5.0,2.0,6.0,1.5,12.0,-0.25,1.0,1.0,7.5,11.5,131014c1,
nm20131016c1,L,40,0.0,0.0,6.0,23.5,76.5,8.0,1.0,8.0,23.0,23.0,36.0,58.5,103.5,22.25,87.0,4.0,2.0,5.5,0.0,0.0,0.0,0.0,0.5,1.0,0.5,0.0,0.0,0.0,0.0,0.5,0.5,2.0,0.5,4.0,1.0,2.0,0.0,1.5,1.0,18.5,0.0,0.0,21.0,19.0,3.0,131016c1,AV4a1
nm20131016c2,L,40,1.0,4.0,9.5,22.5,57.5,29.5,2.0,9.5,15.5,25.0,16.0,5.5,50.75,3.5,24.5,8.0,4.0,11.0,0.75,0.0,3.5,0.0,2.5,0.25,3.0,2.0,1.5,2.5,2.5,1.5,0.0,1.5,8.5,1.75,13.0,5.5,2.0,3.0,-1.25,5.5,-3.5,0.5,1.0,2.0,21.5,131016c2,
nm20131018c1,L,40,0.5,0.75,7.5,7.0,15.0,3.0,1.5,0.5,4.75,8.75,14.0,10.0,9.75,14.5,13.0,3.5,3.0,11.25,0.25,2.0,6.5,1.5,0.5,0.5,2.5,3.0,2.0,4.0,3.5,1.75,1.25,1.0,3.0,2.5,3.5,2.25,2.0,9.0,11.5,1.5,3.0,7.0,7.25,12.5,5.0,131018c1,
nm20131108c0,L,40,-0.5,7.5,8.5,23.0,52.5,22.0,0.0,4.0,13.25,19.5,14.75,43.0,65.25,10.5,51.5,1.5,4.0,4.5,0.75,0.0,0.0,0.25,0.0,1.5,0.0,2.5,0.5,0.0,-0.5,0.5,0.25,6.5,4.0,0.0,1.5,4.75,1.5,11.0,3.5,17.5,-0.25,1.5,0.0,37.5,0.0,131108c0,
nm20140117c1,L,40,-1.5,0.5,16.0,40.0,31.0,30.0,0.0,8.5,13.5,11.5,10.5,12.0,46.5,4.0,13.0,5.75,0.5,0.5,1.0,1.0,2.0,2.5,0.5,24.0,3.0,1.0,5.0,0.5,7.0,0.5,0.5,0.5,1.0,0.5,4.5,3.0,-0.25,0.0,0.0,5.0,4.5,4.0,9.0,9.5,,140117c1,AV4a1
nm20131001c2,L,41,2.0,0.0,0.0,-0.5,16.5,0.0,0.0,1.0,6.5,9.5,2.5,0.0,7.25,0.5,2.5,5.0,3.0,0.0,3.5,0.0,0.5,1.0,0.5,0.0,0.0,0.0,0.0,0.0,0.0,0.0,0.0,0.5,0.0,-0.25,0.0,3.0,0.0,1.5,0.0,6.5,1.0,-1.0,0.5,6.5,2.5,131001c2,
nm20131008c0,L,41,0.5,2.0,1.5,1.5,27.25,3.0,2.0,1.5,13.5,19.0,5.5,3.75,13.0,2.75,12.0,0.0,4.75,0.5,1.5,0.0,7.0,1.5,0.5,-0.5,1.5,1.25,1.0,0.0,0.5,1.0,1.5,1.5,2.0,1.0,0.25,1.0,2.5,1.5,1.5,2.75,1.0,0.5,-0.5,4.5,2.5,131008c0,AV4a5
nm20131009c5,L,41,0.5,-0.25,1.75,0.0,9.0,0.5,1.0,0.5,20.0,4.0,1.5,1.25,19.75,0.0,0.5,-0.25,1.5,0.0,-0.5,0.0,0.5,3.0,1.0,0.0,1.0,0.5,0.0,1.5,0.0,1.5,0.0,0.0,0.0,0.0,0.0,1.0,0.5,0.0,0.0,1.5,0.0,0.0,0.5,1.5,6.0,131009c5,
nm20131014c2,L,41,1.0,0.0,1.5,0.5,17.0,2.0,2.0,0.0,15.5,6.5,2.5,3.0,13.5,7.5,4.0,1.5,2.0,7.0,3.5,-0.5,0.5,1.5,0.0,0.0,1.0,1.5,0.5,0.5,0.0,0.0,7.5,1.0,0.5,0.0,0.5,1.0,0.5,1.25,1.0,3.0,0.0,4.5,0.5,4.5,2.0,131014c2,AV4a5
nm20131113c0,L,41,0.5,-1.0,0.0,1.0,11.5,1.0,0.0,0.0,4.0,0.5,0.0,0.0,8.0,0.0,0.0,10.0,0.0,0.0,1.5,0.5,0.5,1.0,4.5,2.0,7.0,3.0,4.5,5.0,0.0,0.5,0.0,3.5,0.5,1.5,7.5,1.5,0.0,-3.5,0.0,3.0,1.0,2.5,-1.25,0.75,,131113c0,AV4a5
nm20121129c1,L,43,-0.5,0.25,-0.75,0.0,0.5,0.25,-0.25,0.0,0.5,0.0,0.0,-0.5,0.0,0.5,0.5,1.5,0.0,0.5,0.75,0.0,1.5,1.5,-0.5,0.5,0.5,0.0,-0.25,0.75,-0.75,2.0,0.0,0.5,0.0,1.5,-2.5,0.25,1.5,-0.75,2.0,,,,,,,121129c1,
nm20131007c1,L,43,0.0,0.0,0.0,0.0,0.0,0.0,0.0,0.0,0.0,0.0,0.0,0.0,1.0,0.0,0.0,0.0,0.0,0.0,0.0,0.5,0.0,0.0,0.0,0.0,0.0,0.0,0.0,2.5,0.0,0.0,0.0,0.0,0.0,0.0,0.0,0.0,0.0,0.5,0.5,3.0,1.0,0.0,0.25,2.5,0.0,131007c1,AV4b8
nm20131009c0,L,43,2.0,2.5,0.0,0.5,0.5,-0.5,0.0,-0.5,0.0,0.0,0.0,0.0,0.0,0.5,0.5,0.5,0.5,1.0,0.0,0.5,0.5,0.0,1.0,0.5,0.0,0.0,1.0,0.0,0.0,0.0,1.0,0.0,0.0,0.0,0.0,0.75,0.25,-0.25,0.5,0.5,0.0,-0.25,0.5,0.5,0.0,131009c0,AV4b8
nm20131011c0,L,43,0.0,1.0,0.0,0.5,0.0,0.0,0.0,0.0,1.0,0.5,3.0,0.0,0.0,0.5,0.5,0.0,0.0,0.5,0.0,0.0,0.0,0.0,0.0,0.5,0.0,0.0,0.0,0.0,0.0,0.5,0.0,0.0,-0.5,0.5,0.5,-0.5,1.5,0.5,0.25,1.5,0.0,0.5,0.0,0.0,1.0,131011c0,AV4b8
nm20140508c0,L,43,0.0,0.0,0.0,3.0,0.0,0.0,0.5,0.0,1.0,0.5,0.0,0.0,0.0,-0.5,0.0,0.0,0.0,0.0,0.0,0.0,0.0,0.0,1.0,-0.5,0.0,0.5,0.5,3.0,0.0,1.0,9.25,0.5,1.5,0.5,-0.25,2.0,,,,,,,,,,140508c0,
nm20131010c0,L,45,1.75,16.5,1.5,4.0,12.0,9.0,4.25,9.0,8.0,11.0,4.0,7.5,1.75,3.5,5.25,9.0,2.5,0.0,2.5,1.5,8.0,9.75,20.0,11.0,8.5,4.25,7.5,11.75,15.25,6.0,2.75,3.5,3.5,2.5,6.0,4.0,0.25,3.0,2.0,8.25,9.5,4.5,3.5,2.0,6.25,131010c0,
nm20131028c0,L,46,3.75,1.25,4.75,3.75,-0.5,-0.75,4.25,-0.5,0.0,2.5,2.75,-0.75,3.75,0.25,1.0,1.5,-0.5,11.5,3.25,4.5,2.75,0.5,-0.5,2.5,1.0,-1.25,0.5,1.25,4.0,-0.25,4.25,6.0,-2.5,2.75,7.75,8.0,3.0,3.75,1.75,2.5,3.0,-0.75,9.75,3.75,21.25,131028c0,PV2a1
nm20131028c2,L,46,-1.5,2.0,1.5,0.25,0.0,2.0,4.0,0.5,1.5,0.0,-2.0,0.5,-0.75,-2.0,2.0,2.0,3.0,9.0,2.25,-0.25,5.5,3.5,-0.75,4.25,1.0,4.5,1.0,0.5,-0.5,1.0,2.5,4.0,0.5,1.0,0.0,1.5,0.5,-1.5,1.5,0.5,2.0,-1.0,1.5,1.5,16.0,131028c2,
nm20131030c0,L,46,2.0,0.0,2.0,1.0,0.5,3.0,1.25,1.0,3.5,3.0,0.5,1.25,1.25,0.0,0.5,2.0,2.0,5.5,0.0,1.0,1.75,0.5,2.5,3.5,-0.25,4.5,0.5,4.0,-1.25,1.25,3.75,-1.75,0.5,2.0,2.75,2.5,0.5,2.0,1.0,1.75,1.5,0.5,5.0,3.0,19.25,131030c0,PV2a1
nm20131030c1,L,46,1.25,-0.5,2.5,3.0,5.0,-1.25,0.75,1.5,0.25,0.5,-1.75,4.5,5.0,0.0,0.5,-0.75,-1.0,2.75,0.0,3.5,-0.25,0.5,3.5,5.75,0.5,4.0,3.5,4.25,2.75,1.5,3.25,3.0,3.5,3.5,3.0,5.25,2.5,1.75,2.0,-0.5,3.0,1.0,0.25,3.5,18.25,131030c1,
nm20131031c1,L,46,0.75,-1.0,1.5,2.75,1.0,1.0,3.5,1.5,0.0,1.25,2.25,2.0,-1.25,0.75,0.25,2.25,1.5,1.5,-0.25,2.5,1.75,0.0,0.0,4.5,2.0,1.0,3.25,3.5,-0.25,1.0,1.5,0.5,0.0,3.5,1.5,0.0,3.0,4.5,6.0,2.0,2.75,3.0,0.25,4.0,16.0,131031c1,PV2b1
nm20131106c1,L,46,0.0,0.0,0.5,0.0,0.5,0.0,0.0,1.0,0.5,-0.25,1.0,3.0,0.0,1.0,0.5,0.0,0.0,0.5,-0.5,-0.75,-0.5,1.0,0.5,0.0,0.0,0.0,0.0,0.0,0.0,1.5,0.0,0.5,-0.5,0.0,1.0,0.5,0.0,0.0,0.5,0.0,0.0,0.0,0.5,0.5,28.5,131106c1,
nm20131112c1,L,46,-0.5,1.0,0.0,0.0,0.0,0.0,0.0,0.0,0.5,1.5,1.25,0.5,0.5,2.0,1.5,1.75,4.25,16.5,1.0,4.25,4.0,3.75,4.5,0.75,2.5,4.75,2.25,7.0,2.5,0.25,-0.25,2.0,-2.75,3.0,2.5,8.0,2.5,0.0,0.25,3.5,1.75,3.0,5.0,4.0,11.0,131112c1,
nm20131011c1,L,47,2.5,0.5,-5.25,3.0,0.5,1.0,-1.5,0.25,1.5,2.0,0.0,-0.25,0.0,-0.5,4.0,-1.25,7.0,17.75,1.5,-2.5,1.75,9.75,2.5,6.5,2.0,4.75,-1.25,4.75,4.75,1.75,-1.5,2.0,2.75,3.0,0.75,0.0,-0.5,2.0,-0.5,0.0,0.0,0.0,1.5,15.0,-0.75,131011c1,
nm20131024c1,L,47,0.0,1.75,0.5,0.5,0.5,0.5,-0.25,0.0,0.0,0.0,0.5,0.0,0.5,0.5,0.0,1.0,0.0,5.5,0.5,0.5,0.5,0.5,0.0,1.5,0.0,0.0,3.0,4.5,4.5,1.5,0.0,3.0,0.0,0.0,1.5,0.0,1.5,1.5,0.0,7.5,4.0,0.5,7.5,6.0,0.5,131024c1,
nm20131003c1,L,55,0.5,0.5,0.0,1.0,0.0,0.5,0.0,0.0,0.5,0.0,0.0,0.0,0.0,0.0,0.0,0.0,0.0,1.0,0.5,0.5,13.5,4.0,0.5,0.0,0.0,0.5,0.0,-0.5,9.5,-0.25,1.0,1.0,0.5,0.0,0.0,0.0,0.5,0.5,-1.0,3.5,11.5,3.0,1.0,0.0,0.5,131003c1,AV4c1
nm20140213c1,L,55,0.0,0.0,0.5,0.0,0.0,0.0,0.0,0.0,0.0,0.0,0.0,0.0,0.0,0.0,0.0,0.0,1.0,0.5,0.0,0.0,1.5,1.0,0.5,0.0,0.5,1.0,0.0,-0.5,4.5,0.0,0.0,0.0,0.0,0.5,0.0,0.0,0.0,0.5,0.0,2.5,4.5,1.0,2.25,0.5,5.0,140213c1,AV4c1
nm20131111c0,L,60,1.0,93.0,12.0,6.0,1.5,7.5,35.0,25.5,2.0,0.0,4.0,6.5,2.0,3.0,7.5,18.0,5.0,7.5,3.5,0.0,7.5,1.0,8.5,0.5,0.5,1.0,1.0,0.5,0.5,17.0,13.5,4.5,1.0,2.0,2.0,1.0,0.0,9.5,10.0,14.0,2.0,10.0,10.0,9.5,1.5,131111c0,
nm20140515c0,L,60,0.0,9.5,1.5,0.5,3.5,5.0,5.0,3.0,3.0,5.5,5.0,0.75,1.5,3.0,2.5,6.25,8.0,7.5,6.0,0.5,5.5,6.5,1.5,5.0,4.5,4.0,3.0,7.0,2.0,20.0,6.0,6.5,3.5,8.0,4.5,7.5,1.0,7.0,6.5,7.5,5.5,9.5,7.0,6.5,,140515c0,
nm20131111c1,L,64,1.0,3.5,0.0,2.0,7.0,0.0,1.0,0.0,10.0,0.5,7.0,3.5,7.5,4.5,5.5,1.0,0.0,0.0,0.5,-0.5,0.75,0.0,1.0,3.5,3.0,1.0,1.0,6.5,0.5,9.0,0.0,1.0,0.5,0.5,6.5,16.0,1.5,0.0,0.5,18.5,8.0,1.5,7.25,3.5,20.5,131111c1,
nm20131113c2,L,64,2.5,8.0,3.5,5.0,19.0,3.5,2.5,0.5,5.75,7.5,3.0,6.5,9.5,3.0,5.0,10.0,6.0,0.5,4.0,0.0,9.5,0.0,4.5,4.0,6.0,2.5,4.0,12.5,7.5,12.75,5.5,1.5,2.0,0.5,6.5,1.0,1.5,13.5,6.5,9.0,6.0,9.5,6.5,2.0,,131113c2,
nm20140121c3,L,78,0.0,0.0,0.0,0.0,0.0,0.0,0.0,0.0,0.0,-0.5,0.0,0.0,0.0,0.0,0.0,0.0,0.0,0.0,0.0,0.0,0.0,0.0,0.0,0.0,0.0,0.0,0.0,1.0,0.0,0.0,0.0,0.0,0.0,0.0,0.0,0.0,0.0,0.0,0.0,0.5,0.0,0.0,0.0,0.0,,140121c3,
nm20120131c0,O,1,13.0,14.0,24.75,51.25,22.5,36.0,3.5,8.0,27.5,32.0,6.0,18.0,17.0,3.0,-2.75,28.75,19.5,12.5,9.0,8.5,13.0,14.0,31.5,48.0,8.0,2.0,10.5,15.0,14.5,8.0,1.0,17.0,23.5,3.5,24.25,2.0,,,,,,,,,,120131c0,
nm20120216c0,O,1,-7.0,17.5,34.5,51.75,43.0,61.25,10.0,43.5,51.5,55.0,1.0,42.0,29.5,30.5,1.0,52.0,8.0,65.5,0.0,-8.5,2.5,0.75,49.0,58.5,21.5,31.0,31.0,34.25,35.5,13.0,4.0,14.0,55.0,5.0,54.0,2.5,,,,,,,,,,120216c0,PV5a1
nm20120307c0,O,1,-2.0,0.0,0.0,54.5,5.0,41.0,0.0,10.0,4.5,26.0,0.0,3.5,0.0,0.0,0.0,4.5,0.0,2.0,0.0,0.0,1.0,0.0,7.5,11.5,0.0,0.5,1.0,0.0,1.5,,,,,,,,,,,,,,,,,120307c0,
nm20120308c0,O,1,0.0,0.0,0.0,20.0,7.0,14.5,0.0,0.5,2.5,9.5,0.0,6.0,0.0,0.0,0.5,10.5,1.5,8.5,0.0,1.0,0.0,0.5,3.5,17.0,4.0,5.5,4.5,4.5,4.25,,,,,,,,,,,,,,,,,120308c0,
nm20120320c1,O,1,3.0,6.5,39.5,34.5,48.0,34.5,2.5,30.5,7.5,17.0,7.0,37.0,34.5,20.0,4.75,8.5,5.0,3.0,3.5,-8.5,1.0,-0.75,31.75,48.0,24.25,14.0,23.0,29.0,13.0,,,,,,,,,,,,,,,,,120320c1,
nm20120321c0,O,1,2.5,0.5,15.0,26.25,28.5,43.0,1.0,5.75,19.5,22.5,5.5,21.0,12.0,6.0,4.5,16.0,5.0,19.0,3.5,1.0,0.0,0.0,28.0,41.5,16.5,18.5,19.5,22.5,20.5,2.0,3.0,11.0,17.75,5.5,24.5,-0.25,,,,,,,,,,120321c0,
nm20120530c0,O,1,2.5,1.5,13.0,44.0,19.5,22.5,5.5,14.5,14.0,7.0,1.0,11.0,10.5,13.0,14.75,7.5,1.5,4.0,0.0,1.0,0.0,0.5,11.0,22.0,1.0,1.75,1.5,4.5,3.0,,,,,,,,,,,,,,,,,120530c0,
nm20120531c0,O,1,0.0,0.0,17.0,51.0,17.0,49.5,0.5,23.0,18.0,30.0,1.0,14.5,13.0,1.0,30.5,22.0,1.5,13.0,0.0,0.25,0.5,0.5,19.0,29.0,1.5,2.0,3.0,4.5,2.5,0.25,-0.25,0.5,27.5,1.0,29.5,0.0,,,,,,,,,,120531c0,
nm20120614c1,O,1,1.5,-1.0,24.25,62.0,16.0,61.5,1.5,41.0,17.0,14.0,1.0,25.0,2.0,0.5,16.5,22.5,2.5,8.0,1.5,0.0,1.0,0.0,26.0,39.5,5.0,7.5,9.0,7.5,10.5,1.0,0.5,0.5,30.5,0.0,34.25,0.0,,,,,,,,,,120614c1,
nm20120619c1,O,1,2.25,0.5,4.0,36.0,5.0,39.0,-0.5,13.5,8.5,11.0,2.0,13.0,2.0,1.0,13.0,8.0,2.0,10.5,2.5,0.0,0.5,0.5,14.0,40.25,3.0,6.0,6.5,7.5,6.5,-0.5,0.25,-2.25,31.5,0.0,37.5,-0.25,,,,,,,,,,120619c1,PV5a2
nm20120710c0,O,1,1.0,9.5,29.5,71.5,51.5,85.5,8.0,12.0,23.5,25.0,9.5,78.0,30.0,6.0,81.0,26.5,18.5,22.5,3.0,0.5,2.0,0.0,67.5,76.0,25.0,16.0,20.5,19.0,19.5,8.25,2.5,4.0,60.5,6.0,73.25,0.0,,,,,,,,,,120710c0,PV5a2
nm20120815c0,O,1,0.0,1.0,8.5,43.0,5.5,9.5,3.0,9.5,23.5,0.0,0.5,14.0,6.5,0.0,13.0,2.0,1.0,0.0,0.0,0.0,0.5,0.0,14.5,37.0,0.5,1.5,1.0,2.0,2.0,,,,,,,,,,,,,,,,,120815c0,
nm20120815c1,O,1,0.0,3.5,18.0,50.0,9.5,18.5,15.5,18.5,24.0,1.5,1.0,10.5,5.0,1.0,10.0,17.5,4.0,3.0,0.5,1.0,-0.25,0.5,5.5,36.5,0.5,7.5,1.0,1.0,1.0,0.5,-0.5,-0.5,0.5,0.0,1.5,0.0,,,,,,,,,,120815c1,
nm20121127c0,O,1,0.0,2.0,24.0,65.5,5.0,7.5,0.5,24.5,54.5,11.0,0.5,46.5,2.0,0.0,26.5,26.0,0.0,0.0,0.0,0.5,0.0,0.0,0.25,35.5,0.0,4.0,0.0,0.5,0.0,0.0,0.5,0.25,1.0,1.0,10.5,1.0,,,,,,,,,,121127c0,
nm20130118c0,O,1,0.25,1.25,20.5,46.5,10.0,38.0,2.0,19.5,49.5,7.25,6.5,14.0,6.5,2.0,16.0,22.5,1.0,5.0,-1.0,1.0,0.0,0.0,17.0,19.75,4.5,7.0,7.5,5.5,4.75,0.0,0.5,-2.0,5.5,3.0,24.0,1.0,0.0,-0.5,1.0,2.0,3.0,0.0,35.0,,,130118c0,PV5a1
nm20130724c2,O,1,0.0,0.0,34.0,78.5,25.5,47.5,1.0,59.0,89.0,13.5,7.5,74.0,8.5,1.0,56.5,72.5,6.0,24.0,0.0,0.0,1.0,0.5,13.5,86.5,3.0,3.0,7.0,0.0,0.5,8.5,0.0,2.5,3.5,1.0,39.0,7.0,0.0,0.0,2.0,1.5,0.0,47.0,48.5,7.5,,130724c2,
nm20120813c1,O,10,0.5,28.0,29.25,40.0,17.75,47.0,17.0,48.0,11.0,4.5,2.0,9.5,8.5,3.0,12.5,14.0,3.5,6.25,1.5,1.75,9.0,1.75,17.75,28.5,1.25,22.0,0.5,3.5,3.0,2.0,3.0,-0.25,2.0,0.75,0.5,-0.5,,,,,,,,,,120813c1,AD1b1
nm20120816c1,O,10,1.5,39.5,8.5,14.0,11.25,14.0,11.5,33.0,4.0,3.5,1.0,1.5,7.0,1.0,1.5,23.5,2.0,17.5,1.5,0.0,5.25,2.0,11.0,6.5,0.0,0.0,0.0,0.5,1.5,0.0,0.0,0.0,0.0,0.0,0.0,0.5,,,,,,,,,,120816c1,AD1b1
nm20130516c0,O,10,1.5,9.0,3.5,3.5,2.0,4.0,1.5,13.0,7.0,3.0,0.5,6.0,0.0,1.5,4.5,4.5,1.0,1.5,-1.0,-0.5,1.5,0.5,0.0,1.0,0.5,2.5,0.5,0.0,0.0,3.5,-0.5,0.0,0.5,0.5,0.0,0.5,1.0,0.0,0.25,0.0,1.0,1.5,3.5,4.5,,130516c0,
nm20130726c1,O,10,0.0,15.0,12.5,12.0,8.0,16.5,5.0,15.5,9.0,6.5,2.0,16.0,0.0,1.0,10.5,14.5,0.0,0.5,0.0,0.5,0.5,0.0,6.5,1.5,1.0,1.0,2.0,0.5,6.5,5.0,0.0,0.0,0.0,0.0,3.5,0.0,0.75,0.5,1.0,6.5,8.5,1.0,5.0,1.5,,130726c1,AD1b1
nm20130731c1,O,10,0.0,1.5,0.0,0.5,2.5,1.0,0.0,1.5,1.5,1.0,0.0,2.0,0.0,0.0,1.5,1.5,0.0,0.0,0.5,0.0,0.5,0.0,0.5,0.0,0.0,0.0,0.0,0.0,0.0,1.0,0.5,0.0,0.5,0.5,0.5,0.0,0.0,2.0,3.5,3.0,0.0,1.0,4.5,0.5,,130731c1,AD1b1
nm20130801c1,O,10,0.0,0.5,3.0,2.0,0.0,0.0,0.5,5.5,1.5,0.0,0.0,3.5,0.0,0.0,3.0,4.0,0.0,0.0,0.0,0.0,0.0,0.0,0.0,0.0,0.0,0.0,0.0,0.0,0.0,0.5,0.5,1.0,0.0,0.0,0.0,0.0,0.0,0.0,0.0,2.0,0.5,0.0,2.0,0.0,,130801c1,AD1b1
nm20130801c2,O,10,0.0,2.5,0.5,2.0,0.5,0.0,0.0,4.0,2.5,1.5,0.0,2.0,0.0,0.5,2.0,5.5,0.0,0.0,0.0,0.5,0.5,0.0,1.0,0.0,0.0,0.0,0.0,0.0,0.5,1.0,0.0,0.0,0.0,0.0,1.5,0.0,0.0,0.0,0.0,0.5,1.5,0.0,2.0,0.5,,130801c2,
nm20130807c0,O,10,1.0,8.5,8.5,8.5,4.5,2.0,6.0,14.5,7.5,4.5,1.5,14.0,1.0,1.5,12.0,18.5,4.0,2.0,4.5,0.5,7.0,2.5,9.0,4.5,2.0,4.0,4.5,0.5,6.5,4.0,1.0,0.5,1.0,0.5,7.0,1.25,0.0,2.0,0.0,0.0,2.5,1.0,9.5,3.0,,130807c0,
nm20130808c0,O,10,0.0,16.5,5.5,5.5,9.0,7.0,2.5,2.0,7.5,7.5,4.0,8.5,8.0,0.0,12.5,21.5,0.0,0.0,0.0,0.0,14.5,0.0,10.5,0.0,0.0,6.5,2.5,9.0,5.0,4.0,0.0,0.5,0.0,0.0,14.5,6.0,0.0,8.5,0.5,12.0,0.0,4.5,18.0,0.5,,130808c0,
nm20130809c0,O,10,0.0,9.0,2.5,5.5,7.5,3.5,1.5,7.0,4.5,3.5,0.5,5.0,2.0,0.0,4.5,10.5,0.5,0.0,0.5,0.0,0.0,0.0,3.5,0.5,0.5,0.0,0.0,0.0,0.0,4.0,2.5,0.0,2.5,0.5,8.5,2.5,0.0,2.5,0.5,3.0,3.5,3.0,10.5,3.0,,130809c0,
nm20130819c2,O,10,0.0,5.0,3.5,3.0,2.5,4.0,3.5,4.0,8.5,5.5,2.0,5.0,2.5,0.5,8.5,10.5,1.5,0.0,3.0,0.0,4.5,0.5,2.5,0.0,0.0,0.0,0.0,0.0,0.0,0.0,0.5,0.0,0.0,0.0,1.5,0.0,0.0,0.5,3.0,3.5,3.5,0.5,8.0,1.5,,130819c2,
nm20130821c2,O,10,0.0,16.0,6.0,7.5,7.0,8.5,7.0,8.0,8.0,8.0,3.5,10.0,5.0,2.0,12.0,10.5,0.0,0.0,1.0,0.0,1.5,1.0,7.0,0.5,0.5,0.0,0.5,0.0,1.0,0.0,0.0,0.0,0.0,0.0,0.5,0.0,0.0,0.0,0.0,3.0,2.5,0.0,3.5,0.0,4.0,130821c2,
nm20130823c0,O,10,0.0,2.5,0.0,4.5,3.0,1.0,0.0,4.0,3.5,1.0,0.0,6.0,0.0,0.0,2.5,2.5,0.0,0.5,0.0,0.0,0.0,0.0,0.0,0.0,0.0,0.0,0.0,0.0,0.5,0.0,0.0,0.0,0.0,0.0,0.0,0.0,0.0,0.5,0.0,0.5,0.0,0.0,0.5,-0.5,0.5,130823c0,
nm20130827c0,O,10,0.0,27.5,15.0,22.5,29.0,27.0,12.0,35.5,20.0,18.0,5.0,31.0,3.0,4.0,27.0,14.0,2.5,0.0,0.0,0.0,7.0,5.0,8.0,3.5,4.5,4.5,6.0,4.0,6.0,0.5,1.5,1.0,1.5,0.0,3.0,2.5,,,,,,,,,,130827c0,
nm20130827c1,O,10,0.0,16.5,9.0,9.0,7.0,7.5,6.0,13.5,8.5,8.0,4.5,13.0,2.0,3.0,11.5,8.5,0.0,0.0,0.0,0.0,0.5,0.0,3.0,0.0,0.0,0.0,0.0,0.0,0.0,0.5,1.0,0.0,0.0,0.0,1.0,0.0,0.0,0.0,0.0,0.5,0.5,0.0,3.5,0.0,0.0,130827c1,
nm20130910c0,O,10,0.0,3.0,2.5,4.0,3.0,5.0,0.0,5.5,6.5,5.5,0.0,4.5,0.5,0.5,4.5,4.0,0.0,0.0,0.0,0.0,1.0,0.0,0.0,0.0,0.0,0.0,0.0,0.0,0.0,0.0,0.0,0.0,0.0,-1.0,0.0,0.0,0.0,0.0,0.0,0.0,0.5,0.0,0.5,1.0,0.0,130910c0,AD1b1
nm20130911c3,O,10,0.0,10.5,4.5,8.0,8.0,10.0,2.0,5.0,8.5,7.5,3.5,9.0,5.0,2.5,8.5,9.0,1.5,0.0,0.0,0.0,2.5,1.0,5.5,2.0,1.0,2.5,2.0,1.5,1.5,1.5,3.5,0.0,0.0,0.5,4.5,2.0,0.0,0.5,0.5,7.5,0.5,0.0,4.0,1.0,0.0,130911c3,
nm20140529c0,O,10,0.0,6.5,2.5,3.5,2.0,4.5,1.0,9.5,7.5,2.5,0.5,8.0,0.0,0.0,8.5,3.5,0.5,1.5,0.0,0.0,3.5,1.5,0.5,0.0,0.0,0.0,1.0,0.5,2.5,0.0,0.0,0.0,0.0,0.0,0.0,0.0,0.0,0.0,0.0,1.5,3.5,1.5,0.5,0.0,,140529c0,
nm20120814c3,O,11,0.0,0.0,4.5,12.5,1.5,3.5,8.5,25.5,7.0,1.0,3.0,12.75,0.0,0.5,3.5,20.0,7.0,17.5,1.5,0.5,1.0,0.0,10.0,10.0,0.0,4.5,3.0,0.0,0.5,0.0,-0.25,0.75,4.5,-0.5,0.0,1.0,,,,,,,,,,120814c3,
nm20120913c2,O,11,1.5,5.0,10.5,58.5,1.5,15.0,14.0,49.0,25.0,1.5,2.5,40.0,8.75,2.0,16.5,29.0,3.25,0.5,3.0,1.5,0.5,0.0,25.0,1.5,2.5,2.5,3.0,2.0,2.0,,,,,,,,,,,,,,,,,120913c2,
nm20120921c0,O,11,5.0,-1.25,1.5,19.0,7.5,-0.5,2.5,21.0,5.25,1.5,2.5,1.0,5.0,0.5,2.5,3.5,-0.5,-11.0,3.0,2.0,0.0,3.5,1.0,0.0,3.0,1.5,4.25,1.0,1.0,3.5,1.5,0.0,0.5,0.25,0.5,-0.5,,,,,,,,,,120921c0,
nm20120925c2,O,11,-1.25,4.25,0.25,15.0,5.25,6.0,3.25,13.75,8.5,-0.5,3.0,0.25,6.5,-0.25,4.75,10.75,-1.5,0.75,0.75,0.0,3.25,-0.5,0.5,-1.25,1.25,0.0,-1.25,0.75,-0.75,,,,,,,,,,,,,,,,,120925c2,
nm20130123c1,O,11,0.0,5.0,8.5,10.0,0.5,4.5,4.5,17.5,3.5,0.0,0.5,3.5,0.5,0.0,0.5,12.75,0.0,0.5,3.0,1.0,-0.5,0.0,0.5,0.0,2.5,0.5,0.0,-1.0,-0.5,4.5,2.0,3.5,0.5,0.5,-0.5,0.5,0.5,3.0,5.5,14.5,2.0,10.0,8.75,,,130123c1,AD1a1
nm20130523c0,O,11,0.0,11.0,6.0,15.5,11.5,3.0,1.5,12.0,2.5,0.0,0.0,0.0,4.0,0.0,4.5,6.25,0.0,0.0,0.5,0.0,0.5,0.5,-0.5,0.0,0.0,0.0,-0.5,0.0,0.0,1.0,0.0,0.5,0.0,0.5,0.0,0.0,0.0,1.0,-0.5,5.5,0.0,0.5,3.0,0.5,,130523c0,AD1a1
nm20130524c0,O,11,0.0,4.5,9.5,17.0,1.5,12.5,10.5,22.5,9.5,0.0,0.0,9.5,0.0,0.0,6.0,16.0,0.0,0.0,0.5,1.0,1.0,0.0,2.0,0.0,0.0,1.0,0.0,0.0,0.0,3.0,0.0,0.0,-0.5,0.0,0.5,0.5,0.0,0.0,0.5,11.0,0.0,0.0,4.5,0.5,,130524c0,AD1a1
nm20121017c0,O,12,7.75,9.0,8.0,5.0,-0.5,17.5,6.0,4.5,8.0,6.0,7.0,5.25,4.0,0.75,2.5,2.0,6.0,23.75,3.0,5.25,18.0,12.0,32.0,17.75,20.5,20.5,19.0,36.75,37.75,16.25,15.0,12.5,11.75,14.25,10.75,13.5,,,,,,,,,,121017c0,PD2a2
nm20121018c0,O,12,1.0,20.25,7.0,9.0,0.0,21.5,8.25,4.0,2.5,0.25,6.75,16.5,-1.5,1.5,2.5,23.0,5.25,12.5,0.0,1.25,15.75,14.0,28.25,10.75,16.0,15.25,16.0,6.25,27.5,12.75,6.5,7.0,13.0,3.5,9.5,2.5,,,,,,,,,,121018c0,PD2a2
nm20121225c0,O,12,0.25,20.0,7.0,3.75,1.0,9.0,11.5,0.5,3.5,4.0,1.0,3.5,0.0,0.0,1.5,5.0,1.0,17.5,7.5,1.0,18.75,19.75,32.5,30.0,26.5,20.0,31.0,88.25,45.25,8.5,4.5,8.5,22.0,7.5,20.5,13.5,0.0,1.5,3.0,44.0,2.25,4.75,4.5,,,121225c0,PD2a2
nm20121227c3,O,12,-1.5,4.5,3.5,2.25,3.0,5.0,0.0,-1.0,3.0,1.5,2.75,3.0,1.5,1.25,2.75,-1.5,-0.75,13.75,2.0,-1.5,17.5,17.25,18.0,13.5,11.5,10.75,9.5,29.75,20.0,9.5,6.0,6.25,5.75,4.25,13.25,14.0,-2.0,5.5,0.5,15.0,4.5,1.5,5.5,,,121227c3,PD2a2
nm20130501c0,O,12,1.0,28.0,5.0,10.0,14.0,9.5,15.5,15.0,7.5,19.5,1.5,10.0,1.5,3.25,13.25,23.0,2.0,8.0,0.5,0.5,13.0,9.5,36.0,20.5,21.5,30.75,17.0,8.0,20.5,5.0,2.5,0.0,3.0,1.5,4.75,2.0,0.0,1.0,2.5,19.0,14.5,1.0,17.25,4.5,,130501c0,
nm20130501c2,O,12,0.0,0.0,0.0,0.0,0.0,0.0,0.0,0.0,0.0,1.0,0.5,1.0,0.0,0.0,0.5,0.5,0.0,1.5,0.0,0.0,0.5,1.0,3.5,6.0,3.0,1.0,2.0,11.5,2.0,0.0,0.5,0.5,1.5,0.0,2.5,0.0,0.5,0.0,0.0,3.5,0.0,0.0,0.0,0.0,,130501c2,
nm20130611c0,O,12,0.0,4.0,0.0,1.0,0.5,5.0,1.5,0.0,0.0,1.5,0.5,1.0,0.0,0.0,0.5,0.5,-2.5,3.0,0.5,0.0,5.5,0.0,2.5,3.5,0.0,8.0,2.0,4.5,11.0,3.5,0.0,0.0,0.5,0.5,0.0,0.0,0.0,0.5,0.0,2.0,0.0,-1.5,0.0,0.0,,130611c0,
nm20130612c0,O,12,4.0,17.0,5.5,7.5,-0.75,4.5,6.0,2.5,2.0,0.5,1.5,11.5,0.0,4.5,3.5,0.75,-0.25,4.0,0.25,-1.5,5.5,4.5,18.0,11.5,6.0,9.0,17.5,12.5,5.5,5.0,1.5,4.5,1.5,6.0,13.5,3.75,0.5,6.5,3.0,2.5,2.5,1.5,9.0,2.0,,130612c0,PD2a2
nm20130617c1,O,12,-5.75,32.0,4.5,15.5,6.5,29.0,8.5,5.0,4.5,12.0,3.0,13.0,4.5,3.0,7.0,9.25,-0.5,15.5,5.0,0.0,7.0,11.5,12.0,8.5,9.5,10.0,12.5,9.5,16.0,7.75,0.25,2.5,3.0,6.0,8.5,3.0,3.0,1.5,2.5,5.5,0.0,1.5,6.0,4.0,,130617c1,
nm20130618c0,O,12,1.75,25.0,6.5,5.5,1.0,14.25,12.0,3.0,3.0,4.0,3.0,9.5,0.0,1.0,5.5,6.5,2.0,1.0,0.0,-0.5,8.0,1.0,29.0,3.25,4.0,6.5,8.0,0.5,10.0,1.5,1.5,0.0,0.0,1.0,9.75,2.0,0.5,7.0,1.75,5.0,5.0,1.0,10.5,1.0,,130618c0,
nm20130620c0,O,12,2.25,4.25,4.0,1.0,-0.75,13.0,2.0,2.0,6.0,1.5,3.5,7.0,2.0,1.0,2.5,3.5,5.75,13.25,2.0,1.75,17.75,12.5,31.25,13.0,13.0,11.75,15.25,19.25,16.5,13.5,2.5,4.0,6.75,6.0,7.5,5.5,3.5,8.5,8.25,11.5,11.0,1.0,9.5,1.5,,130620c0,PD2a2
nm20131007c0,O,12,0.0,11.0,1.5,2.25,-0.5,1.5,0.5,4.0,2.5,2.0,0.0,0.5,-0.5,1.5,1.5,0.5,0.0,2.5,1.5,0.5,0.0,3.5,6.0,2.0,3.0,2.5,10.5,16.5,11.5,2.5,1.0,2.5,2.5,1.5,5.0,0.5,-0.5,3.5,1.0,12.5,6.0,1.0,2.5,2.0,0.5,131007c0,PD2a2
nm20131009c1,O,12,4.0,12.5,0.5,1.75,7.5,19.0,0.5,5.5,1.75,2.25,-3.0,12.25,1.0,2.5,4.75,10.5,0.0,4.25,-1.5,-0.75,3.0,-0.25,14.0,2.5,6.0,4.0,7.25,2.75,16.25,4.75,2.0,3.5,3.25,1.5,4.25,3.0,,,,,,,,,,131009c1,
nm20131009c4,O,12,0.0,31.0,5.5,6.5,8.5,12.5,4.0,3.0,20.0,16.0,1.0,18.0,2.5,0.0,24.5,16.0,0.0,0.0,0.0,0.0,3.5,0.0,19.0,5.0,14.0,11.0,7.5,8.0,8.0,0.0,0.0,3.0,3.0,2.0,18.0,7.5,0.0,0.5,3.0,16.0,0.5,1.0,18.5,16.5,9.5,131009c4,PD2b1
nm20131010c2,O,12,0.0,8.0,0.0,4.0,0.0,5.5,0.0,0.0,2.0,3.0,0.0,5.0,0.5,1.0,4.5,5.0,0.0,0.0,0.5,0.5,6.0,1.0,13.0,5.0,8.0,3.0,4.5,2.0,6.0,4.0,3.5,1.75,7.75,3.5,10.0,2.5,0.0,3.25,1.0,7.0,0.5,0.0,4.5,2.0,1.5,131010c2,
nm20131014c0,O,12,3.0,44.0,8.0,9.0,-0.5,18.75,8.0,10.75,8.5,6.0,2.0,14.0,1.0,3.5,14.0,10.5,4.5,2.0,3.5,0.75,12.25,6.5,31.0,12.25,15.75,7.5,20.5,15.0,30.0,7.0,6.25,2.25,2.5,1.5,9.0,1.5,1.0,3.5,4.0,8.0,8.5,0.75,2.5,2.5,1.5,131014c0,
nm20131014c3,O,12,2.0,10.5,3.5,5.25,7.25,13.5,9.0,3.0,2.0,4.5,1.0,1.75,4.0,1.5,4.0,9.0,1.0,4.25,4.5,1.5,1.5,1.0,0.0,1.75,-0.5,5.5,16.5,2.5,7.0,1.0,2.25,1.5,3.0,-1.5,0.0,1.0,1.0,-2.5,4.0,3.5,4.5,3.75,7.0,-1.5,,131014c3,PD2a2
nm20140403c0,O,12,0.0,17.5,5.5,27.0,13.5,26.5,1.5,20.0,13.5,3.5,0.0,5.5,0.0,1.0,5.5,22.0,0.0,0.0,1.5,1.5,0.0,0.0,9.0,0.5,4.0,1.5,5.0,8.5,7.0,3.0,0.0,2.0,0.0,0.0,11.5,2.0,0.0,0.5,0.0,2.5,0.0,0.0,0.5,0.0,0.0,140403c0,
nm20120925c1,O,13,0.5,2.0,23.5,5.0,3.0,1.0,11.0,15.5,8.0,0.5,0.5,3.0,7.0,1.0,3.5,6.5,0.0,4.5,3.0,0.5,-0.5,-0.5,0.5,2.5,13.5,8.0,7.5,3.0,2.0,8.25,5.0,5.25,21.25,4.5,20.5,5.0,,,,,,,,,,120925c1,AD1a4
nm20121112c0,O,13,1.0,11.0,15.5,4.5,4.5,2.5,18.5,13.5,1.5,2.0,1.0,3.0,3.0,0.5,4.5,7.5,1.5,2.5,-1.0,1.5,0.0,1.0,8.0,8.0,28.75,15.0,9.5,-0.5,4.5,10.5,4.25,4.75,30.0,10.5,19.0,-0.75,,,,,,,,,,121112c0,
nm20121122c1,O,13,0.75,0.5,31.5,3.0,0.5,0.75,13.0,17.5,14.25,3.5,8.0,6.0,4.5,7.5,5.0,7.5,0.0,1.5,0.25,-0.5,-0.75,0.5,4.5,-2.0,11.5,4.5,1.5,3.5,-1.0,7.5,4.75,-0.25,13.0,4.5,4.75,3.0,1.5,2.0,0.5,,,,,,,121122c1,AD1a4
nm20121127c1,O,13,1.0,0.0,22.5,7.0,0.0,2.5,3.75,15.5,11.0,1.5,6.0,12.0,-0.5,1.5,5.0,16.5,0.75,0.25,1.5,1.5,1.25,0.0,4.0,4.5,4.0,5.5,1.5,14.5,0.0,2.5,8.5,1.0,3.0,3.25,12.5,1.0,,,,,,,,,,121127c1,AD1a4
nm20121128c3,O,13,0.5,3.5,44.5,5.0,0.5,6.75,12.0,32.75,19.5,0.5,0.5,9.5,-0.5,3.0,10.0,18.5,4.75,2.5,4.0,0.25,0.0,1.0,13.0,5.5,5.0,11.0,6.5,3.5,3.0,7.5,9.0,11.0,2.0,5.0,26.25,1.5,0.0,7.5,7.75,,,,,,,121128c3,AD1a4
nm20121130c1,O,13,2.5,2.5,8.5,0.0,0.5,1.0,1.5,-3.0,5.5,9.0,0.0,1.0,2.0,1.0,1.5,4.5,0.5,1.5,-1.0,6.5,2.5,-2.5,15.5,9.5,13.0,10.5,9.0,0.75,3.0,1.5,1.75,9.0,-0.25,1.75,5.0,-1.0,3.5,4.25,14.0,,,,,,,121130c1,
nm20160125c1,O,13,0.5,21.5,22.5,12.5,4.0,10.5,1.5,6.5,9.5,1.0,0.0,16.5,0.5,2.0,1.0,16.5,0.0,3.5,0.0,0.0,1.0,1.0,2.5,4.5,2.5,3.0,7.5,0.0,4.0,6.0,0.0,1.5,13.0,0.5,12.5,0.0,,,,,,,,,,160125c1,
nm20120714c4,O,15,2.0,22.0,7.0,2.0,0.5,26.0,7.0,9.0,1.0,14.0,-0.5,1.5,1.0,2.5,8.0,4.5,3.0,9.5,-0.5,0.0,9.0,0.0,12.5,3.5,4.0,10.25,5.0,0.0,4.0,0.0,0.5,1.25,9.0,0.5,10.0,0.0,,,,,,,,,,120714c4,AD1b2
nm20140528c0,O,15,0.0,35.0,11.5,3.5,10.0,13.5,9.5,11.0,8.5,10.0,1.0,1.0,3.0,1.0,7.0,6.5,3.0,13.0,0.5,0.0,5.5,3.5,4.0,0.5,2.5,1.5,0.5,0.5,3.0,1.0,0.75,1.0,1.5,2.0,5.5,4.0,0.0,1.5,3.5,4.5,4.0,0.5,6.0,6.5,7.5,140528c0,
nm20140530c0,O,15,2.5,21.25,4.25,2.5,11.75,7.5,18.0,12.5,3.5,4.0,6.0,4.5,1.0,4.5,4.5,8.0,8.0,4.5,1.5,0.0,8.0,1.5,0.25,0.5,2.5,9.0,2.0,3.0,8.0,8.5,8.5,7.0,0.0,5.25,9.0,4.0,1.0,2.0,10.5,1.5,9.0,4.0,5.0,13.0,21.0,140530c0,
nm20140612c0,O,15,0.0,23.0,1.5,5.0,5.5,10.0,8.0,3.5,5.5,3.0,0.0,0.0,-2.0,0.0,4.0,14.0,3.0,14.0,5.0,0.0,4.0,5.0,7.5,3.5,1.75,3.5,3.5,8.0,6.5,0.5,0.0,0.0,0.0,1.0,2.0,3.0,-1.0,3.5,1.0,9.0,9.0,2.5,3.5,6.5,39.25,140612c0,AD1b2
nm20140616c0,O,15,0.0,36.5,3.0,4.5,11.5,15.25,10.75,12.0,7.5,13.5,2.0,0.0,7.5,1.5,5.0,7.5,7.0,20.0,9.5,0.0,9.0,7.0,2.0,3.5,3.0,6.5,0.25,6.0,3.0,1.5,0.5,3.0,2.5,3.5,1.0,8.5,1.25,1.5,6.5,12.0,8.0,1.0,11.5,12.0,14.5,140616c0,AD1b2
nm20121114c0,O,16,0.0,0.25,0.0,0.0,0.0,0.0,0.0,0.0,0.5,0.0,0.0,0.0,0.0,0.0,0.0,1.5,0.5,0.5,-0.5,0.0,3.0,9.0,1.5,1.0,1.0,1.0,2.0,11.5,3.5,2.0,0.0,0.5,0.0,0.0,0.0,6.0,,,,,,,,,,121114c0,
nm20121130c0,O,16,1.0,0.0,0.0,0.0,0.0,0.5,0.0,0.0,0.0,0.0,0.0,0.0,0.0,0.0,0.0,0.0,0.0,3.0,0.0,0.0,6.5,0.0,13.5,0.5,8.5,0.5,2.5,21.0,0.0,0.0,0.0,0.0,0.0,4.0,0.0,1.0,,,,,,,,,,121130c0,PV5b2
nm20130109c0,O,16,0.0,5.0,2.0,2.5,1.0,1.0,5.0,1.5,1.75,1.5,0.5,3.0,-0.5,0.0,1.5,4.5,0.0,4.0,0.25,-0.5,1.5,1.0,1.0,1.5,6.5,1.5,1.25,5.0,6.0,3.0,2.5,1.25,2.25,1.0,7.0,0.5,1.25,0.0,0.5,17.0,0.0,1.5,3.0,,,130109c0,
nm20130213c0,O,16,0.0,0.0,0.0,0.0,0.0,0.0,0.0,1.0,0.5,0.5,0.5,0.0,0.0,0.5,0.0,0.0,0.0,0.0,0.0,0.0,2.5,2.0,0.0,0.5,2.5,0.5,1.5,9.5,3.5,0.5,0.0,1.0,0.0,0.0,0.0,1.0,3.0,0.0,1.0,11.5,0.5,1.5,1.5,,,130213c0,PV5b2
nm20130214c1,O,16,3.5,0.0,-0.25,-2.0,0.5,0.5,1.0,0.0,0.0,1.0,0.0,1.5,0.0,0.5,0.0,-0.5,0.5,0.0,0.0,0.5,14.5,11.0,0.5,0.0,0.0,0.0,0.5,17.5,3.0,0.0,0.0,0.0,1.5,0.0,0.0,2.0,0.0,0.0,0.0,19.5,0.0,0.0,0.0,,,130214c1,PV5b2
nm20130425c1,O,16,1.5,0.0,1.0,0.0,0.0,0.0,0.0,0.0,0.0,0.5,0.0,0.0,0.0,0.0,0.0,0.5,0.5,-0.5,0.0,0.5,1.0,-0.5,3.0,2.0,2.0,0.0,-0.5,25.0,1.5,0.0,1.0,-0.5,-0.25,0.0,0.5,1.5,0.0,0.0,1.5,28.0,1.0,0.0,1.5,0.0,,130425c1,PV5b2
nm20130821c1,O,16,0.0,4.5,1.0,1.0,1.0,1.0,0.0,0.0,2.0,0.5,1.0,3.5,0.5,1.5,4.25,0.5,0.0,0.0,0.0,0.0,4.5,1.0,0.5,1.5,1.5,1.5,2.5,12.5,0.5,1.0,0.0,0.5,1.0,1.0,2.5,5.5,0.0,0.5,0.0,1.5,0.0,0.0,1.0,0.0,,130821c1,
nm20121115c1,O,17,4.0,1.0,1.5,2.5,1.0,1.5,0.0,0.5,0.0,5.5,0.0,0.5,0.0,0.0,0.0,3.5,1.5,37.5,2.0,0.0,2.0,3.5,0.0,0.0,0.5,0.0,0.0,10.5,1.0,0.0,0.0,0.0,-0.5,0.0,1.0,0.0,,,,,,,,,,121115c1,
nm20121217c0,O,17,2.0,6.5,2.0,26.5,9.0,4.5,4.0,3.75,2.0,11.0,9.0,4.0,1.5,0.75,3.0,7.0,1.0,28.0,0.5,0.5,4.5,0.5,4.0,8.0,7.5,7.5,2.75,18.5,10.5,1.0,0.5,2.0,1.0,0.5,0.5,0.5,0.5,2.0,2.0,,,,,,,121217c0,PV5c3
nm20121227c2,O,17,2.0,5.5,2.75,11.5,5.0,8.5,3.5,4.5,7.0,18.5,0.5,8.0,5.0,0.0,5.5,9.0,8.0,40.0,2.5,0.5,8.5,4.0,5.0,7.0,2.5,4.0,4.0,16.5,7.5,-0.5,1.0,2.5,1.0,1.5,2.0,2.5,1.0,0.25,4.5,24.75,5.0,9.0,10.0,,,121227c2,PV5c1
nm20140218c0,O,19,1.5,25.0,5.5,39.5,32.5,27.5,11.25,14.25,10.0,13.5,2.25,13.0,17.0,2.75,17.0,17.5,-1.25,23.0,4.5,-0.5,4.0,3.5,12.0,3.5,2.75,1.0,3.5,10.5,13.0,5.5,7.0,2.5,1.0,2.75,4.5,2.75,0.5,-0.75,-1.0,4.75,3.0,4.5,0.5,7.5,13.5,140218c0,
nm20140218c2,O,19,0.0,1.5,0.5,4.5,3.5,4.0,0.0,1.0,1.0,1.5,0.0,2.0,0.5,0.0,4.5,0.5,0.0,0.0,0.0,0.0,0.5,0.0,,,,,,,,0.5,0.5,0.0,0.0,0.0,0.5,0.0,0.0,0.0,0.0,0.0,1.0,0.0,0.0,0.5,0.0,140218c2,
nm20120914c2,O,2,0.5,16.5,23.0,34.0,40.5,19.75,18.5,23.5,23.5,16.5,24.5,44.5,46.5,20.75,51.0,10.0,2.0,4.5,2.0,0.75,0.0,0.5,28.75,15.5,19.0,12.5,16.5,10.0,6.0,15.5,15.25,12.0,32.5,9.25,28.0,5.5,,,,,,,,,,120914c2,PD2b1
nm20120926c0,O,2,-1.0,2.0,15.5,24.5,30.0,16.0,8.5,12.0,15.0,15.0,10.0,12.0,39.0,6.5,29.0,8.0,3.5,0.0,2.0,0.0,1.0,0.5,5.0,5.5,9.5,6.5,2.0,3.5,1.25,1.0,0.5,2.5,5.5,1.5,7.0,1.0,,,,,,,,,,120926c0,PD2b1
nm20121015c0,O,2,-1.5,10.0,17.0,15.5,29.5,22.5,10.5,14.0,20.5,36.5,20.5,45.5,48.0,9.5,49.0,9.0,2.5,1.5,1.0,3.0,0.5,-1.0,17.0,10.0,18.0,11.5,10.0,3.0,3.5,11.25,8.0,3.5,16.0,5.5,19.0,0.0,,,,,,,,,,121015c0,PD2b1
nm20121105c0,O,2,0.0,10.0,13.5,42.5,36.5,39.5,5.0,23.0,16.0,23.0,8.5,19.75,41.0,5.25,31.0,2.0,1.0,0.0,0.5,0.0,0.5,2.0,7.5,19.0,11.0,12.0,9.0,5.75,4.0,1.0,1.5,1.5,2.5,2.0,10.5,0.0,,,,,,,,,,121105c0,
nm20121225c2,O,2,-0.25,4.5,12.5,25.75,30.0,14.0,4.5,10.0,13.75,12.5,4.0,11.5,31.75,3.0,14.0,3.5,0.5,0.0,1.0,0.75,0.0,0.5,9.75,19.5,9.0,8.0,5.5,9.5,1.25,2.25,2.0,4.5,12.5,2.5,17.0,1.5,-0.5,0.5,-0.5,0.75,1.0,0.0,9.5,,,121225c2,
nm20121229c0,O,2,1.0,24.0,14.0,36.0,17.0,16.5,12.0,5.0,9.5,15.5,6.0,14.5,10.0,3.5,15.5,5.25,0.25,0.0,2.0,0.0,0.0,0.0,10.0,5.0,5.0,4.5,2.5,1.0,0.0,2.5,1.5,3.0,7.0,2.0,14.5,1.0,0.0,0.0,0.5,2.5,0.5,8.5,15.5,,,121229c0,
nm20121207c2,O,20,0.5,0.0,4.0,10.0,1.0,2.5,1.5,7.0,3.5,1.75,2.0,5.0,-1.0,-0.25,2.5,7.0,1.5,1.5,-0.5,0.0,1.5,2.0,2.0,9.5,2.5,8.0,2.0,0.5,0.0,0.0,0.0,0.0,0.0,0.0,0.0,0.0,,,,,,,,,,121207c2,
nm20121212c0,O,20,1.0,-0.75,3.0,2.5,7.0,1.5,3.0,7.0,1.0,1.5,1.5,2.5,0.5,3.5,1.0,2.0,1.0,4.0,2.0,1.0,0.25,1.5,2.25,14.5,-0.25,3.0,1.5,3.0,1.75,1.5,1.5,2.5,2.5,1.0,1.75,0.5,2.5,3.5,3.0,,,,,,,121212c0,PV5c2
nm20121213c0,O,20,0.0,0.0,1.5,10.0,1.0,2.0,0.5,0.0,3.0,0.5,2.0,3.0,0.0,0.0,2.5,0.0,0.0,1.5,0.5,1.25,0.5,2.5,6.0,23.0,3.0,1.0,2.5,12.5,0.0,1.0,0.5,1.5,1.5,0.5,1.5,-0.5,0.0,0.5,0.0,,,,,,,121213c0,PV5c2
nm20121215c0,O,20,-1.0,0.0,0.0,0.0,1.0,1.0,0.0,0.0,0.0,0.5,2.0,0.0,0.0,0.0,0.0,0.0,0.5,0.25,0.0,0.5,0.0,0.0,6.5,9.0,0.5,1.0,0.5,9.5,0.0,0.0,0.5,0.5,0.5,0.5,-1.0,0.5,,,,,,,,,,121215c0,
nm20130923c0,O,21,0.0,4.0,4.0,6.0,16.5,20.0,4.0,12.0,8.5,3.0,3.5,5.5,5.0,1.0,3.0,26.0,3.0,0.25,1.5,-0.25,1.5,1.5,9.0,13.0,7.5,10.0,10.5,5.0,12.5,0.5,2.5,-0.25,1.0,-0.5,4.5,0.5,0.0,0.5,0.5,0.0,1.0,4.5,15.0,4.5,1.0,130923c0,PV4d1
nm20130207c1,O,23,0.0,7.0,2.5,4.5,1.5,14.5,2.0,0.0,0.5,1.0,0.0,4.5,0.0,0.0,1.5,6.0,0.0,3.0,0.0,0.25,0.5,0.5,40.5,16.0,13.5,11.0,12.0,21.5,12.0,3.75,4.25,9.0,10.0,2.0,38.5,4.0,0.0,0.0,1.5,0.0,0.0,0.0,0.0,,,130207c1,
nm20130220c1,O,23,0.5,1.5,1.0,1.5,0.0,3.5,3.0,2.5,3.5,0.0,2.0,10.0,0.0,3.0,5.5,1.0,0.0,7.0,1.5,2.0,0.75,0.5,18.5,8.5,9.0,8.0,9.0,3.0,5.0,,,,,,,,,,,,,,,,,130220c1,PV5c2
nm20130313c1,O,23,1.0,1.5,8.5,8.0,0.0,20.0,0.5,0.5,3.0,1.5,6.0,28.0,2.5,5.5,18.5,0.5,1.0,16.0,0.5,0.0,0.0,1.0,36.0,14.5,6.0,10.5,12.5,10.0,11.0,2.5,1.5,1.0,0.5,2.5,28.5,2.0,0.0,0.0,0.0,0.0,0.0,0.0,11.5,,,130313c1,PV5c2
nm20130605c1,O,23,1.0,8.5,3.5,0.5,0.5,4.0,6.5,2.0,1.0,0.0,0.0,0.0,0.5,0.0,0.0,1.0,0.5,2.0,0.0,0.0,2.5,2.0,9.0,2.5,3.25,4.0,3.5,0.5,1.5,0.5,0.0,0.5,0.0,0.0,3.0,0.0,0.0,0.5,0.0,1.0,0.0,0.0,1.0,0.0,,130605c1,PV5c2
nm20130606c1,O,23,0.5,9.0,13.0,5.0,0.0,2.5,6.0,9.0,7.0,0.0,1.0,14.5,0.0,1.5,7.0,5.0,0.0,1.5,0.0,0.0,1.0,0.5,33.5,15.5,13.0,11.5,11.5,9.5,5.5,13.5,6.5,9.5,9.5,5.5,24.0,7.0,0.5,0.5,0.5,0.0,-0.5,0.5,11.0,0.0,,130606c1,PV5c2
nm20130624c1,O,23,0.0,23.5,13.0,7.0,1.0,11.5,3.0,5.0,4.5,2.5,3.0,10.5,1.5,5.0,11.0,5.5,0.5,4.5,3.5,0.0,5.0,2.0,15.0,6.5,9.0,9.5,8.0,10.0,10.0,4.5,2.5,3.5,5.5,5.5,15.5,0.5,0.5,2.5,5.5,7.0,1.5,0.0,13.5,5.5,,130624c1,
nm20130704c2,O,23,0.0,1.5,9.0,7.0,0.0,8.0,0.0,13.0,7.5,0.0,2.0,6.5,0.5,3.5,0.5,3.0,2.0,10.0,0.5,-0.25,3.0,0.5,35.0,14.5,18.0,17.0,18.5,16.5,8.5,6.5,4.5,8.5,5.0,2.0,19.5,2.5,1.0,5.5,6.5,0.5,1.0,3.0,14.0,0.5,,130704c2,PV5c2
nm20130710c3,O,23,0.0,5.0,1.5,0.5,0.0,2.5,8.5,0.0,3.0,0.0,0.0,3.0,0.0,0.0,3.0,4.0,0.0,3.5,0.0,0.0,5.0,1.5,13.5,4.25,3.0,2.5,4.0,0.5,3.0,1.5,1.0,0.5,1.0,3.5,15.5,1.0,0.0,1.0,1.5,2.0,0.0,0.0,10.5,2.0,,130710c3,PV5c2
nm20130712c0,O,23,0.0,0.0,2.5,0.5,0.0,0.5,0.0,0.0,3.0,1.5,3.5,7.0,0.0,3.5,5.0,1.5,0.0,1.0,0.0,0.0,4.0,11.0,26.5,11.0,8.0,13.0,14.0,7.0,14.5,1.5,0.0,1.0,0.0,0.0,9.5,3.0,0.0,0.5,1.5,0.0,3.5,0.0,9.0,2.0,,130712c0,
nm20130717c1,O,23,0.0,21.5,5.5,0.5,1.5,1.5,4.0,0.0,2.0,1.0,1.5,6.0,2.5,1.5,7.0,3.5,-0.5,3.0,0.5,0.5,-0.5,0.75,21.5,1.75,1.5,4.25,5.0,0.5,1.5,6.0,0.5,2.5,1.5,0.0,10.5,0.5,0.0,2.0,0.5,1.0,0.5,0.5,1.0,-0.5,,130717c1,
nm20130726c0,O,23,-0.5,3.0,3.0,5.0,2.0,1.5,0.5,1.0,9.0,6.0,-1.0,12.5,2.5,0.0,9.0,7.0,1.0,0.0,0.0,0.0,0.0,0.0,6.5,0.0,0.0,0.5,1.0,0.5,0.0,3.0,1.5,1.0,1.0,0.0,5.5,2.0,0.0,3.0,1.0,1.25,-0.5,9.5,12.5,1.5,,130726c0,
nm20121024c0,O,24,0.5,0.5,0.5,0.0,0.0,-0.5,0.5,0.5,8.5,6.5,1.0,6.0,2.0,1.0,5.0,1.0,3.0,4.0,2.25,0.0,9.0,12.5,13.0,9.0,3.0,7.5,8.0,4.5,9.5,-0.5,0.0,0.0,2.5,-0.5,1.0,3.5,,,,,,,,,,121024c0,
nm20130122c0,O,24,3.5,4.0,4.0,2.0,2.5,3.0,3.0,1.0,3.0,4.5,1.0,5.5,1.5,4.0,4.0,8.0,3.0,8.5,1.0,6.5,11.5,6.5,8.5,2.0,9.0,9.0,5.5,16.5,10.0,13.0,5.5,7.5,10.5,5.75,14.5,8.5,0.5,9.0,9.5,20.75,9.0,11.25,14.5,,,130122c0,
nm20130208c1,O,24,3.0,1.5,5.5,0.0,0.5,0.0,0.5,0.5,3.5,5.5,3.5,2.5,0.0,4.0,4.0,4.0,10.0,9.5,5.0,0.0,34.0,31.5,45.25,28.75,25.0,25.75,28.5,43.5,32.0,11.5,12.0,8.5,13.0,9.5,24.5,15.0,0.0,3.5,2.5,6.0,7.0,4.25,6.25,,,130208c1,PV5c1
nm20130711c1,O,24,1.5,-1.25,3.0,1.5,2.0,4.0,1.0,2.5,13.5,5.0,5.75,7.0,0.75,4.5,8.0,0.0,2.5,6.25,1.25,1.5,7.5,14.0,10.0,6.0,3.5,7.0,8.0,11.0,7.0,4.0,4.0,6.0,3.0,5.5,4.0,4.5,-0.5,2.25,6.25,3.0,5.0,5.5,7.0,1.5,,130711c1,PV5c1
nm20130816c2,O,24,0.0,0.0,1.0,0.0,0.0,0.5,0.0,0.0,1.0,0.5,1.0,1.0,0.0,0.0,0.5,0.0,2.5,0.0,0.5,0.0,5.0,1.5,8.5,6.5,3.5,4.5,3.5,3.0,5.0,0.0,0.0,0.0,0.5,0.0,0.5,1.5,1.5,0.5,3.0,0.0,5.0,1.0,3.0,0.5,,130816c2,PV5c1
nm20131107c2,O,27,1.0,22.5,5.25,8.5,15.5,13.0,8.0,7.0,13.5,17.0,2.5,13.0,13.5,3.5,12.0,14.0,2.0,0.75,1.5,0.0,6.5,3.25,5.0,7.0,9.5,9.0,9.25,15.5,7.5,9.0,3.0,2.25,7.75,5.5,7.5,11.5,0.5,4.5,5.0,17.0,8.5,8.5,14.0,7.0,8.5,131107c2,
nm20131122c1,O,27,-0.25,8.0,0.0,4.5,8.0,2.5,2.0,1.0,1.0,2.5,0.5,3.5,1.5,0.0,5.5,3.5,1.5,0.5,-0.5,9.5,1.0,0.0,5.5,2.0,1.0,1.5,0.0,3.0,3.5,0.0,0.0,0.0,0.0,5.0,0.5,0.0,0.0,1.0,0.0,11.0,2.5,0.0,0.0,1.0,13.0,131122c1,PV2d1
nm20120203c0,O,3,2.6,5.0,21.2,47.2,31.0,31.0,7.6,17.8,26.2,28.6,4.4,12.8,11.0,8.0,4.0,20.6,12.0,14.6,3.4,4.8,2.2,5.6,29.0,45.2,2.8,12.4,9.2,6.8,12.0,3.8,8.881784197001249e-16,2.6,22.2,1.0,32.0,-0.2,,,,,,,,,,120203c0,
nm20120613c0,O,3,5.5,5.5,19.0,38.5,32.5,36.0,6.0,7.0,17.5,5.0,9.0,20.5,32.0,8.0,22.5,27.0,20.5,29.5,10.5,0.0,6.0,2.0,59.5,45.0,19.5,27.5,35.0,24.5,27.0,20.5,7.5,11.0,48.0,5.0,45.5,2.5,,,,,,,,,,120613c0,
nm20120628c1,O,3,2.0,12.5,16.5,31.5,20.0,27.5,5.0,18.5,13.5,4.0,3.5,12.0,10.0,2.5,4.0,19.5,6.5,16.0,4.5,0.5,9.0,2.0,44.0,35.5,13.0,19.0,19.0,16.0,18.0,14.0,7.5,11.0,32.5,10.0,33.0,3.0,,,,,,,,,,120628c1,PV5a1
nm20120703c2,O,3,20.0,26.0,34.5,22.0,23.5,32.5,35.5,36.5,29.25,25.75,24.5,53.75,28.5,32.5,45.25,55.0,36.5,39.0,32.5,1.5,48.5,23.5,69.0,55.0,40.5,37.5,41.5,35.0,50.5,31.5,26.0,35.0,58.5,23.0,54.0,16.5,,,,,,,,,,120703c2,
nm20120708c1,O,3,2.5,3.5,8.0,25.5,16.0,24.0,2.5,12.5,11.5,-0.25,2.25,10.0,12.5,3.5,7.0,15.0,10.5,10.5,6.5,1.5,2.0,0.75,37.5,31.25,15.0,24.5,25.0,22.0,24.0,10.0,7.5,3.5,22.25,8.75,28.5,1.0,,,,,,,,,,120708c1,PV5a1
nm20120712c1,O,3,1.0,15.0,23.0,34.0,29.0,40.5,16.5,32.75,9.5,2.0,6.75,26.0,15.0,4.5,18.25,14.0,7.5,11.5,4.0,0.25,2.5,1.0,53.5,37.5,27.0,30.5,25.5,21.0,27.0,22.0,16.75,16.5,54.0,18.5,47.25,12.0,,,,,,,,,,120712c1,PV5a2
nm20120811c1,O,3,2.75,4.0,31.5,29.5,11.5,28.0,23.0,54.0,23.5,1.5,8.0,21.5,9.0,5.5,8.5,26.0,22.5,2.5,6.5,1.0,5.5,1.0,53.5,37.5,9.5,20.0,16.0,5.0,17.5,14.0,7.0,8.25,24.5,11.5,24.0,4.5,,,,,,,,,,120811c1,
nm20120813c0,O,3,-0.75,1.25,19.5,35.5,6.0,11.0,8.5,40.0,12.0,1.0,3.0,19.0,7.5,4.0,11.0,14.75,7.5,-2.0,3.0,1.0,0.5,0.0,55.5,58.5,3.5,19.0,15.0,11.0,3.75,7.5,3.0,3.0,7.5,4.0,9.5,0.5,,,,,,,,,,120813c0,PV5a1
nm20120830c0,O,3,3.75,5.25,22.5,44.0,30.5,45.75,8.0,28.0,38.0,9.5,4.5,19.75,17.5,7.0,16.5,19.0,11.0,20.5,3.5,1.5,1.0,0.0,36.5,40.0,26.75,28.0,26.0,23.0,22.5,5.0,9.0,9.0,17.0,12.5,31.0,3.25,,,,,,,,,,120830c0,
nm20120830c1,O,3,21.25,33.75,52.5,36.5,28.0,56.75,49.25,64.75,46.0,13.0,32.5,59.25,18.75,33.25,46.75,61.0,35.25,39.25,30.75,7.5,44.0,31.0,66.25,54.0,52.75,39.25,44.25,43.25,44.25,52.75,52.25,36.75,47.25,28.0,54.5,21.5,,,,,,,,,,120830c1,
nm20120914c0,O,3,3.75,25.0,33.0,25.75,20.25,39.0,21.75,37.5,27.75,10.5,10.75,29.75,19.25,13.75,17.75,27.75,3.5,25.0,12.25,3.25,15.0,3.25,27.0,25.0,18.25,16.5,19.75,25.25,30.5,14.0,20.75,11.5,9.75,8.25,14.75,8.25,,,,,,,,,,120914c0,PV5a1
nm20121210c0,O,3,0.5,4.5,29.0,34.5,15.5,37.0,13.5,25.5,33.0,5.5,10.5,48.0,19.5,7.5,28.0,38.0,2.0,3.0,0.0,1.5,2.5,-0.25,49.0,52.0,13.5,19.5,17.5,17.0,25.75,,,,,,,,,,,,,,,,,121210c0,
nm20140901c0,O,3,2.0,34.0,36.0,38.5,22.5,31.0,30.5,56.5,24.5,-0.5,7.5,32.5,14.5,8.5,36.5,31.5,9.0,5.5,3.0,3.5,4.25,3.25,24.75,22.5,6.0,13.75,16.0,13.5,11.5,0.0,0.5,1.5,0.5,1.0,14.0,1.25,4.5,1.5,7.0,17.75,5.75,7.25,16.75,2.75,,140901c0,
nm20130430c2,O,32,0.0,4.0,0.0,21.5,1.5,15.5,0.0,0.0,0.0,0.0,0.0,9.0,0.0,0.0,2.0,3.0,0.0,0.5,0.0,0.0,0.0,0.0,7.0,0.0,0.0,0.0,0.0,0.5,0.0,0.0,0.0,0.0,0.0,0.0,18.5,0.5,0.0,0.0,2.5,0.0,0.0,0.0,8.0,3.5,,130430c2,
nm20130711c0,O,32,0.0,0.0,2.0,6.0,1.0,3.0,0.0,5.5,4.5,2.0,2.5,8.5,8.5,3.5,8.5,4.0,2.5,3.0,1.0,0.0,0.0,0.0,7.0,1.0,0.5,0.5,0.5,0.0,0.0,3.0,2.0,2.0,2.5,3.5,6.0,1.5,0.0,1.5,3.0,-0.5,0.5,0.5,9.5,2.5,,130711c0,
nm20130716c2,O,32,0.0,8.75,7.0,15.5,4.75,12.0,4.0,16.25,4.5,3.0,3.0,8.5,5.5,2.0,7.5,3.0,0.0,5.0,0.0,1.0,0.5,0.0,12.0,9.0,3.0,4.75,5.5,1.5,3.0,2.0,2.0,0.5,1.75,0.0,7.0,2.5,0.25,2.0,1.0,1.5,0.0,1.0,2.5,3.5,,130716c2,
nm20130110c1,O,33,0.25,17.0,3.5,-0.5,1.0,1.0,12.0,5.0,1.5,9.5,0.0,0.5,0.0,0.0,1.0,7.5,3.5,19.0,3.5,0.0,22.5,19.5,1.0,0.5,4.0,1.0,-0.5,0.0,25.0,2.5,0.5,0.0,1.5,0.5,1.25,0.0,0.5,0.0,4.0,6.0,12.5,0.5,3.5,,,130110c1,
nm20130702c1,O,33,0.0,0.0,0.0,0.0,0.0,0.0,0.0,0.0,0.0,0.0,0.0,0.0,0.0,0.0,0.5,0.0,0.0,0.0,0.0,0.0,2.5,3.5,0.0,0.0,1.0,1.5,0.5,2.0,11.0,0.0,0.0,0.0,0.0,0.0,0.0,0.0,0.0,0.0,0.0,0.0,0.0,0.0,0.0,0.0,,130702c1,PV5c1
nm20130703c1,O,33,1.5,8.0,1.0,2.0,6.0,2.0,5.5,0.5,8.5,7.0,4.5,0.0,3.5,7.0,4.0,1.0,0.5,7.0,1.0,0.0,5.5,9.0,0.5,1.5,2.5,2.0,1.5,5.0,4.0,3.5,6.0,3.0,4.0,9.5,6.5,14.0,0.0,0.0,11.5,13.0,10.5,8.5,1.0,11.5,,130703c1,PV5c1
nm20130712c1,O,33,0.5,0.0,0.0,0.0,0.0,0.0,0.0,0.0,12.0,0.5,0.0,0.0,0.0,2.0,1.0,0.0,0.0,0.0,2.5,0.0,8.0,6.5,0.0,0.0,0.0,0.0,0.0,0.0,0.0,0.0,0.0,0.5,0.0,0.0,0.0,0.0,0.0,0.0,0.0,8.5,6.0,1.0,0.0,0.5,,130712c1,PV5c1
nm20130716c3,O,33,0.0,15.5,1.0,0.0,0.0,0.0,9.0,2.0,0.0,0.0,0.0,0.0,0.0,0.0,0.0,1.0,0.0,1.5,0.0,0.0,12.5,11.5,0.0,0.0,1.0,0.0,0.0,0.0,6.0,0.0,0.0,0.0,0.0,0.0,0.0,0.0,0.0,2.5,2.0,1.0,11.5,2.5,0.5,1.5,,130716c3,
nm20130717c0,O,33,0.0,1.0,2.5,0.0,1.0,6.5,-0.5,0.0,1.0,0.0,0.5,1.0,0.0,1.0,0.0,2.0,1.0,0.5,0.0,0.0,5.0,4.0,0.5,0.5,4.0,3.0,4.0,3.5,0.5,4.25,0.5,1.5,0.0,1.0,2.5,4.5,-0.5,0.5,1.0,3.25,6.0,1.25,0.25,1.0,,130717c0,PV5c1
nm20130814c0,O,33,2.0,15.0,1.0,0.0,4.25,2.5,0.0,0.0,7.0,0.5,0.0,0.0,0.0,0.0,0.0,4.5,4.0,0.0,1.5,0.0,12.5,6.5,0.5,0.0,0.5,-0.5,0.0,0.0,0.5,1.5,0.5,1.0,0.0,0.5,0.5,0.5,0.0,0.5,0.0,1.5,0.75,7.5,0.5,2.0,,130814c0,PV5c1
nm20130819c0,O,33,4.5,15.0,9.25,1.0,4.5,0.5,0.5,0.0,13.5,5.5,0.0,0.0,0.0,0.0,0.0,1.0,13.0,0.0,14.0,0.25,16.0,21.0,1.0,1.0,0.0,1.5,1.0,0.5,4.5,6.0,0.0,0.5,2.5,0.0,1.0,1.0,1.5,3.0,0.5,3.5,9.5,14.5,2.5,1.0,,130819c0,
nm20131126c1,O,33,0.0,2.5,0.0,0.0,0.0,0.0,0.0,0.5,0.0,0.0,0.0,0.0,0.0,0.0,0.0,0.0,0.0,0.0,0.75,0.0,0.5,0.0,0.5,1.0,2.5,0.5,1.0,0.0,10.0,0.0,0.0,0.0,0.0,0.0,0.0,0.0,0.5,0.0,1.0,0.0,8.0,0.0,0.0,0.0,0.5,131126c1,
nm20131127c1,O,33,0.0,0.0,0.0,0.5,0.0,0.5,0.0,0.0,0.0,0.0,0.5,0.0,0.5,0.0,0.0,0.0,0.0,0.0,0.0,0.0,7.5,8.0,2.0,3.0,4.5,3.5,4.0,6.5,2.5,1.0,0.5,0.0,0.0,0.0,0.5,8.0,0.0,0.0,0.5,0.0,6.0,0.0,0.0,0.0,10.5,131127c1,
nm20130807c1,O,34,0.0,0.5,0.5,0.0,2.5,0.5,2.5,4.5,0.0,0.5,2.5,0.0,4.0,1.0,4.0,4.0,0.5,0.0,2.5,0.0,0.0,0.0,4.5,0.0,0.0,0.0,0.0,0.0,0.0,2.5,3.5,0.5,0.5,1.0,0.5,0.0,0.0,2.5,1.5,0.5,0.0,1.0,19.5,0.0,,130807c1,AV6a1
nm20130808c2,O,34,0.0,27.5,26.0,17.0,10.75,21.0,18.0,22.5,15.0,19.0,24.0,36.5,9.5,12.0,33.5,42.5,5.5,1.0,14.0,0.0,21.0,5.5,26.0,7.5,9.0,21.5,13.0,2.0,14.5,18.0,20.5,3.0,7.0,5.5,7.0,6.0,1.5,8.5,21.5,20.5,16.5,14.0,31.5,16.5,,130808c2,AV6a1
nm20130813c0,O,34,0.5,11.5,10.5,5.0,7.0,14.5,9.0,14.5,2.0,0.5,4.5,22.0,11.5,5.0,23.5,10.0,0.0,4.5,0.0,0.0,0.0,0.0,25.0,0.0,0.5,2.5,0.0,0.0,0.0,3.0,5.5,0.0,0.0,1.0,1.5,0.0,0.0,4.5,2.0,0.0,0.0,2.5,23.0,0.5,,130813c0,AV6a1
nm20130815c1,O,34,0.0,26.0,15.5,6.0,19.0,21.0,4.5,15.5,4.5,11.0,7.0,20.0,19.5,5.0,20.0,12.0,2.5,3.0,0.0,0.0,1.0,0.0,31.0,10.5,5.5,8.5,1.5,0.5,1.5,5.5,3.5,1.0,1.0,2.0,12.0,2.5,0.0,4.0,0.0,1.0,0.0,2.0,22.0,0.5,,130815c1,AV6a1
nm20130816c0,O,34,0.0,0.5,0.5,0.0,0.0,3.5,3.0,1.5,0.0,0.0,0.0,0.5,0.0,0.0,1.5,2.0,0.0,0.0,0.0,0.0,0.0,0.0,8.0,0.0,0.0,0.0,0.0,0.0,0.0,1.0,2.5,0.0,0.0,0.0,0.0,0.0,0.0,0.5,0.0,1.5,0.0,0.5,6.5,0.5,,130816c0,
nm20130820c0,O,34,0.0,0.0,3.0,0.0,4.0,5.0,1.5,2.5,0.0,0.0,0.0,0.0,10.5,0.0,2.0,5.0,0.0,0.0,0.0,0.0,0.0,0.0,5.5,0.0,0.0,0.0,0.0,0.0,0.0,2.5,2.0,0.0,0.0,0.0,0.0,0.0,0.0,0.0,3.5,0.0,0.0,0.5,1.5,0.0,,130820c0,AV6a1
nm20130820c2,O,34,0.0,0.5,0.0,0.5,2.0,0.5,1.0,2.0,0.0,0.0,0.0,1.5,0.0,0.0,6.0,2.5,0.0,0.0,0.0,0.0,0.0,0.0,8.0,0.0,0.0,0.0,0.0,0.0,0.0,2.0,4.5,0.0,0.0,0.0,0.0,0.0,0.0,0.0,0.0,3.0,0.0,0.0,4.0,0.0,,130820c2,AV6a1
nm20130822c0,O,34,0.0,15.0,2.0,2.0,3.0,2.0,5.5,2.5,1.0,1.0,2.0,8.5,18.5,1.0,12.0,3.5,0.5,1.0,0.0,0.0,3.0,0.0,17.5,2.5,1.5,5.0,0.0,1.0,0.0,0.5,2.0,2.0,2.0,5.0,1.5,7.5,0.0,5.0,0.5,10.5,0.0,4.0,12.0,12.5,14.0,130822c0,AV6a1
nm20131018c0,O,34,0.0,12.0,4.0,0.0,1.5,2.0,1.5,2.5,0.5,0.0,2.5,1.5,4.5,2.0,4.5,0.0,0.5,1.0,0.0,0.0,1.0,0.5,3.5,0.5,0.5,1.0,0.0,0.5,0.5,0.0,0.5,0.0,0.5,2.5,0.0,-0.5,0.5,-0.5,2.0,1.0,0.0,0.0,6.0,9.0,-0.5,131018c0,
nm20131018c2,O,34,1.0,19.5,4.0,1.5,2.5,5.5,10.0,5.5,2.5,4.5,7.0,20.5,29.0,5.0,25.0,7.5,2.0,1.0,1.5,1.5,4.5,0.5,31.5,2.0,2.5,2.0,0.5,0.5,0.75,8.0,10.0,1.0,1.0,3.5,1.5,2.5,0.5,4.0,9.25,15.0,1.0,2.5,15.0,4.0,8.0,131018c2,
nm20131022c0,O,34,0.5,25.5,7.0,7.0,25.0,23.0,7.0,8.0,3.5,4.0,7.0,11.0,18.0,2.0,11.5,2.0,3.0,2.0,1.0,0.0,1.0,0.5,10.25,8.0,6.0,7.0,5.0,5.5,2.5,0.0,1.0,4.0,0.5,2.5,2.0,1.0,0.0,0.5,0.0,3.0,0.0,0.5,9.5,14.0,5.5,131022c0,
nm20131024c0,O,34,0.5,10.5,2.5,5.5,13.5,8.5,2.5,3.0,3.0,3.5,4.0,8.5,18.0,2.0,9.5,1.5,1.0,0.0,0.5,0.0,1.0,0.0,16.5,8.5,5.5,10.0,4.5,3.5,2.0,0.5,1.5,4.0,0.5,6.0,0.5,-0.5,0.0,0.0,1.5,1.25,0.0,1.5,8.5,6.0,2.5,131024c0,
nm20140515c1,O,34,2.0,25.0,13.5,3.25,-1.75,10.5,20.0,13.5,8.5,21.0,10.75,15.0,0.5,9.5,22.5,16.0,3.5,8.0,3.5,2.5,3.0,-0.25,26.0,8.5,16.5,13.0,11.0,5.5,5.75,16.0,14.0,5.5,4.0,3.5,22.0,1.0,1.5,4.5,3.5,8.25,2.0,1.0,1.5,1.0,6.0,140515c1,
nm20130912c1,O,37,6.0,18.0,41.25,45.5,52.75,56.0,29.25,43.75,30.25,30.0,12.5,27.75,34.5,11.25,26.25,19.75,7.5,5.5,4.75,1.25,-1.0,6.0,48.5,45.75,46.25,52.5,58.25,44.5,50.5,15.5,20.75,11.25,14.0,21.0,46.25,31.25,1.5,18.25,11.75,26.5,15.75,10.25,57.0,15.5,42.25,130912c1,PV4d3
nm20140207c1,O,37,0.5,26.5,15.0,20.5,13.0,17.25,9.0,12.5,18.0,18.0,15.0,25.0,13.5,11.5,23.75,15.5,10.25,17.0,9.5,2.5,16.75,11.75,22.75,17.5,23.0,30.0,26.0,28.75,10.25,,,,,,,,0.25,7.25,6.5,11.0,11.0,7.75,5.5,3.5,4.5,140207c1,
nm20140205c2,O,44,0.0,0.5,1.5,4.5,6.5,7.0,0.5,1.0,4.0,0.5,3.0,3.5,8.0,0.5,5.0,0.0,0.5,2.0,0.5,4.0,-0.5,1.5,8.5,11.0,12.5,0.0,1.0,1.5,1.0,0.0,0.0,0.0,0.0,0.5,2.5,1.0,0.0,0.0,0.0,0.5,0.0,0.0,0.0,0.0,0.5,140205c2,
nm20140212c0,O,44,0.0,0.0,1.5,11.5,5.0,11.5,0.5,0.5,0.5,0.5,1.0,12.5,13.5,1.0,4.5,0.0,0.0,0.0,0.0,0.0,0.0,0.0,11.5,1.5,1.0,2.0,0.5,1.0,9.5,1.0,0.0,0.0,1.0,0.0,0.0,0.0,0.0,0.5,1.5,1.0,2.0,0.5,0.5,0.5,0.5,140212c0,PV4d1
nm20130211c3,O,48,0.0,1.5,2.5,26.5,14.5,8.0,2.5,4.0,7.5,14.0,0.5,4.0,2.0,0.0,1.0,5.5,7.0,3.5,0.0,0.0,0.5,0.0,0.0,0.0,0.5,0.5,0.0,0.0,0.0,0.5,0.0,0.0,0.0,0.0,0.5,0.0,0.0,0.0,1.0,4.0,2.5,1.5,3.5,,,130211c3,PV5c3
nm20130617c3,O,48,0.0,15.5,1.5,9.5,12.5,19.5,7.0,3.0,6.5,8.0,0.0,1.0,3.5,0.0,7.0,2.0,0.0,2.0,0.0,0.0,0.0,0.0,1.0,0.0,0.0,0.0,0.0,1.5,1.0,0.0,0.0,0.0,0.0,0.0,0.0,0.0,0.0,0.0,0.0,4.5,0.0,0.0,4.5,0.0,,130617c3,PV5c3
nm20131126c3,O,48,-0.25,3.0,3.0,2.0,3.0,3.5,1.0,-0.5,2.5,7.0,0.0,1.0,0.0,1.0,2.5,2.5,-1.0,0.0,0.5,-0.25,0.0,1.0,0.0,0.0,0.5,1.0,0.0,8.0,1.5,0.0,1.0,6.0,0.0,0.0,1.0,0.0,1.0,2.5,0.0,9.5,1.5,0.5,0.0,0.0,,131126c3,PV5c3
nm20131204c0,O,48,0.5,17.0,3.5,5.0,8.5,3.0,5.0,3.5,6.5,13.25,0.5,3.0,3.0,2.0,6.0,7.0,4.5,1.5,3.0,0.0,4.0,3.5,1.0,2.0,5.5,3.5,3.5,8.0,6.0,7.0,2.0,1.5,1.0,0.5,3.0,3.0,0.0,0.0,1.5,19.5,7.0,0.25,2.0,2.0,0.0,131204c0,PV5c3
nm20131212c0,O,48,0.5,13.75,1.0,1.0,4.0,4.0,4.0,10.5,4.5,6.0,0.5,4.0,0.0,2.0,7.0,9.5,0.5,0.0,0.5,3.5,1.5,0.0,1.5,0.5,0.0,1.0,0.0,6.0,3.0,7.0,4.5,0.0,1.5,2.0,1.25,0.5,1.0,0.0,1.0,24.0,3.5,0.0,0.5,0.5,,131212c0,PV5c3
nm20140117c2,O,49,2.0,-1.0,1.5,6.0,11.0,2.0,-0.5,0.0,14.0,9.0,12.5,25.5,18.0,2.0,9.0,5.25,1.5,15.5,0.5,0.5,-0.25,1.75,4.5,16.5,-1.25,7.0,6.0,2.25,7.0,0.0,1.0,0.5,2.0,0.0,13.5,0.0,1.0,-3.0,0.0,0.25,-1.25,3.5,0.0,1.0,4.0,140117c2,PV4b1
nm20140401c0,O,49,0.5,2.5,5.0,21.0,19.0,15.0,0.0,2.0,7.0,7.0,5.5,17.0,18.25,4.5,11.5,0.5,1.5,-0.25,1.0,-0.25,0.0,0.5,25.0,9.5,10.0,9.5,13.75,14.0,6.0,-0.5,-0.25,1.5,0.75,-0.5,10.5,1.0,1.0,0.5,0.5,0.0,2.5,0.0,1.0,0.5,9.75,140401c0,
nm20120605c0,O,5,5.0,18.5,16.0,8.0,10.0,9.5,30.5,34.5,11.0,5.75,9.5,16.75,13.0,12.0,10.5,25.5,8.0,3.0,14.5,0.25,12.25,3.5,33.0,16.25,27.75,23.5,21.0,10.5,10.0,17.5,15.5,24.5,32.75,5.5,28.5,12.25,,,,,,,,,,120605c0,PV5b1
nm20120614c0,O,5,5.5,8.25,30.0,2.25,3.0,3.25,18.0,17.0,5.0,14.5,9.75,14.25,20.0,20.25,15.0,14.25,8.5,2.5,14.0,0.75,8.25,4.5,15.25,6.0,25.5,21.0,8.5,11.25,4.5,10.0,11.25,14.75,23.5,15.25,23.5,10.75,,,,,,,,,,120614c0,
nm20120618c0,O,5,7.0,20.0,18.0,5.0,16.5,10.5,28.5,24.0,4.5,11.5,13.5,20.0,14.0,14.0,14.0,17.75,10.0,6.0,14.5,1.75,11.0,5.5,40.75,10.25,26.25,24.0,31.5,15.5,10.75,14.75,22.5,23.5,24.5,18.25,27.0,13.5,,,,,,,,,,120618c0,PV5b1
nm20120626c1,O,5,12.25,23.0,20.0,15.0,21.5,23.5,16.5,12.5,14.5,29.0,15.0,17.25,27.5,18.5,28.5,12.5,16.5,24.75,12.0,2.5,16.5,16.0,27.75,17.5,18.0,17.5,19.5,20.25,14.5,17.0,15.5,18.25,25.5,22.5,33.75,18.5,,,,,,,,,,120626c1,
nm20131118c3,O,5,0.0,21.5,17.0,4.0,3.5,7.0,24.5,12.5,2.5,9.0,2.0,9.5,1.5,3.0,9.0,18.5,1.0,1.5,1.0,0.0,1.0,1.5,14.5,7.0,12.5,3.0,9.5,0.0,8.0,12.75,17.5,9.5,8.5,4.0,25.5,0.0,0.0,0.5,4.0,8.0,1.5,0.0,2.0,0.0,5.5,131118c3,PV5b1
nm20151231c1,O,5,0.0,15.5,8.5,8.0,7.5,15.0,1.0,18.0,18.5,1.0,7.0,17.5,6.0,0.0,1.5,15.75,0.5,2.5,16.5,0.0,8.5,-1.5,9.5,4.0,8.5,9.0,11.5,9.0,4.0,3.25,3.0,0.0,2.0,4.25,-1.5,7.5,,,,,,,,,,151231c1,
nm20160121c1,O,5,0.0,10.0,8.0,0.0,0.0,1.5,0.0,10.0,5.5,9.0,9.5,19.5,10.0,10.5,8.5,19.0,9.0,1.0,8.0,-0.5,6.0,0.0,22.5,4.5,15.0,15.5,14.5,14.0,12.0,-1.0,24.5,17.5,2.5,14.0,3.0,17.5,0.0,20.0,0.5,25.5,8.0,1.0,14.5,1.0,,160121c1,PV5b1
nm20131212c1,O,50,0.5,15.0,2.75,-1.25,1.5,16.0,1.0,2.0,0.5,10.0,4.25,0.5,6.5,2.5,1.5,1.25,6.0,4.0,-1.25,2.5,11.0,10.5,22.0,11.0,13.0,11.5,7.5,30.0,8.0,5.5,3.5,7.5,4.0,2.0,5.0,15.0,0.25,5.0,4.25,7.0,11.0,1.0,6.5,5.5,-0.5,131212c1,PV4b2
nm20140205c0,O,50,0.0,0.0,0.0,0.0,0.0,0.0,0.0,0.0,0.0,0.0,0.0,0.0,0.0,0.0,0.0,1.5,0.0,0.0,0.0,0.0,3.0,3.5,3.0,2.0,2.0,0.5,6.0,22.5,1.5,-0.5,0.0,0.0,0.0,0.0,0.0,0.0,0.0,0.0,0.0,0.0,0.0,0.0,0.0,0.0,0.0,140205c0,
nm20140206c2,O,50,0.0,0.0,0.0,0.0,0.0,0.0,0.0,0.0,0.0,0.0,0.0,0.0,0.0,0.0,0.0,0.0,0.0,2.5,0.0,0.0,8.0,14.0,4.0,3.0,1.5,1.5,6.0,14.5,0.0,0.0,0.0,0.0,0.0,0.5,0.0,0.0,0.0,0.0,0.0,4.5,4.5,0.0,1.0,0.5,0.0,140206c2,PV4b2
nm20140207c0,O,50,0.0,48.5,8.75,12.0,-0.75,25.75,11.25,7.5,1.0,11.5,1.5,8.5,2.5,1.5,4.5,5.0,1.5,19.5,2.0,1.25,1.5,1.0,14.5,2.75,1.0,2.0,5.5,10.25,3.0,3.5,0.0,2.25,1.5,3.0,3.75,1.5,-0.25,0.0,0.5,8.5,1.0,1.75,4.75,2.5,8.25,140207c0,PV4b2
nm20140211c0,O,50,3.0,14.0,1.25,1.5,-3.75,10.5,1.5,2.0,1.0,8.0,0.0,-1.0,0.5,1.0,1.5,-0.5,4.5,30.5,2.5,-0.5,12.75,21.0,24.0,19.0,15.0,14.0,26.5,52.5,6.5,1.0,-0.75,4.0,0.75,5.5,-0.75,0.25,0.5,4.0,6.5,11.0,12.25,2.25,3.0,12.5,0.0,140211c0,PV4b2
nm20140211c1,O,54,0.0,0.5,0.0,2.5,2.0,4.0,1.0,2.5,2.75,3.0,0.5,0.5,3.5,1.0,2.0,1.0,0.5,4.5,0.5,1.0,0.5,0.0,1.5,1.5,0.0,2.0,0.0,0.0,1.0,1.25,0.5,0.5,0.0,1.5,1.0,2.5,1.0,-0.5,0.5,4.0,2.5,0.0,2.5,3.0,-0.25,140211c1,
nm20140212c1,O,54,0.0,4.5,0.5,3.5,0.5,3.5,0.0,2.5,5.0,6.5,1.5,1.0,4.0,0.0,2.5,8.0,1.0,12.0,2.0,0.5,3.0,0.5,2.0,0.5,1.5,0.5,-0.75,1.5,2.5,0.25,0.5,0.0,0.5,0.0,0.5,2.0,0.0,0.0,0.0,6.0,3.5,0.0,1.0,0.5,0.5,140212c1,
nm20140224c0,O,54,0.0,,,,,,,,1.0,0.0,0.5,0.25,0.5,0.0,0.5,2.0,0.0,0.5,0.0,0.5,0.0,1.0,5.0,3.0,3.5,1.5,5.0,5.5,3.5,1.5,6.0,3.75,2.0,2.0,8.5,2.0,,,,,,,,,,140224c0,
nm20131204c1,O,57,0.0,13.5,4.75,5.5,7.25,7.0,4.0,2.5,15.5,17.0,5.0,10.0,4.5,3.0,15.0,2.0,0.0,0.0,1.5,0.0,5.0,3.5,6.5,3.0,5.0,5.0,5.0,7.0,10.5,3.0,4.0,1.0,0.5,1.5,7.0,3.0,0.0,0.0,0.0,0.0,1.0,0.0,0.0,0.0,,131204c1,
nm20131206c0,O,57,-0.5,21.0,10.0,6.0,5.5,9.5,16.0,13.0,6.0,4.5,1.5,16.0,8.0,1.75,16.5,13.5,5.25,1.75,0.75,1.0,5.0,3.75,2.0,3.0,3.25,0.0,2.75,2.0,1.5,,,,,,,,,,,,,,,,,131206c0,
nm20131122c2,O,58,0.0,0.0,0.0,0.5,0.0,0.0,0.0,0.0,0.0,0.0,0.0,0.0,0.0,0.0,0.0,0.0,0.0,0.0,0.5,0.5,0.0,0.0,1.0,0.0,0.5,0.5,0.0,1.5,0.5,0.5,0.0,0.0,1.5,0.5,2.5,1.5,0.0,0.0,0.0,0.0,0.0,0.0,0.0,0.0,8.0,131122c2,
nm20131118c1,O,59,0.0,14.5,1.5,8.5,20.5,22.5,0.0,0.0,9.0,23.0,6.5,19.0,15.5,9.5,19.5,7.0,0.0,4.0,-3.75,-0.5,12.0,0.5,20.0,5.0,13.0,9.5,8.0,19.0,14.5,14.5,0.5,2.0,1.0,1.5,24.5,10.5,0.0,14.25,0.0,15.5,6.0,7.5,29.5,1.25,29.0,131118c1,
nm20140613c0,O,59,-2.0,14.75,7.5,6.25,8.25,6.0,9.0,6.0,7.0,8.0,8.0,15.75,6.5,5.5,10.0,13.0,5.25,16.75,8.75,-0.25,12.25,12.0,15.5,9.75,8.25,8.0,12.5,19.75,10.75,8.0,9.25,9.25,13.0,7.0,12.0,11.75,-2.25,6.5,10.75,15.0,13.25,2.5,11.25,6.75,18.0,140613c0,
nm20120714c0,O,6,1.75,5.5,0.75,-0.75,2.0,9.5,0.5,0.0,4.0,5.0,3.5,0.5,3.25,1.25,0.5,2.75,4.75,11.75,2.5,1.75,39.5,49.5,12.75,13.0,7.0,7.5,8.0,20.25,23.0,14.75,11.5,9.25,8.0,14.0,7.5,36.5,,,,,,,,,,120714c0,
nm20120828c1,O,6,0.0,7.5,0.0,5.5,2.0,21.0,4.5,0.0,3.0,24.75,2.5,3.0,5.0,0.0,0.5,3.5,3.0,20.0,2.5,0.0,41.0,40.5,15.0,14.0,13.5,12.0,11.5,52.0,37.0,8.0,6.5,5.0,6.5,7.5,9.0,13.0,,,,,,,,,,120828c1,
nm20120830c2,O,6,1.25,1.5,2.5,5.5,-0.5,4.0,3.0,1.0,5.5,9.5,4.0,2.5,3.5,6.75,4.5,5.5,11.5,19.0,8.5,2.0,61.25,67.0,20.0,21.0,16.5,17.0,22.0,67.25,65.0,8.5,8.25,9.0,13.5,13.0,11.75,24.0,,,,,,,,,,120830c2,AD1c1
nm20120906c0,O,6,-0.5,0.0,0.0,0.0,0.0,0.0,0.0,0.0,0.5,3.5,1.5,0.5,0.0,2.0,2.0,0.0,1.5,0.5,1.5,0.5,17.5,18.5,1.5,1.0,3.5,2.0,2.5,37.5,9.5,7.5,2.5,8.5,5.5,5.0,4.5,12.5,,,,,,,,,,120906c0,
nm20120913c1,O,6,1.0,0.0,1.0,0.0,0.0,0.0,0.5,0.5,0.0,0.0,0.0,0.0,0.0,0.0,0.0,0.5,0.5,1.0,0.5,0.0,24.5,17.5,5.5,3.5,4.5,2.5,1.5,33.5,22.0,1.0,1.0,0.5,0.5,0.5,1.5,2.0,,,,,,,,,,120913c1,AD1c1
nm20121128c2,O,6,6.5,0.0,0.0,0.0,-0.25,-0.5,0.5,0.0,0.0,0.0,0.0,0.0,0.0,0.0,-2.0,0.5,3.5,4.5,0.25,0.75,17.25,25.0,0.5,0.0,1.0,1.0,2.0,25.5,13.0,0.0,0.5,0.0,0.5,-1.5,0.0,0.0,,,,,,,,,,121128c2,
nm20121129c0,O,6,0.0,0.0,0.0,0.0,0.0,-0.5,0.0,0.0,0.0,0.0,0.0,0.0,0.0,0.0,0.0,0.0,0.0,0.0,0.0,0.0,7.0,2.0,0.0,0.0,0.0,0.0,0.0,6.0,3.5,0.0,0.0,0.0,0.0,0.0,0.0,0.0,0.0,0.0,0.0,,,,,,,121129c0,AD1c1
nm20121221c0,O,6,6.25,9.0,1.25,2.5,0.0,0.5,-0.5,0.5,0.0,1.0,0.0,0.0,0.0,0.0,0.0,0.0,0.5,-0.5,-0.5,0.0,17.5,8.5,5.5,1.5,2.5,1.5,5.5,29.5,17.5,0.5,0.0,0.0,0.0,0.0,3.0,3.5,0.0,0.0,0.0,31.0,0.0,2.0,1.5,,,121221c0,
nm20130711c3,O,6,0.0,0.5,0.0,0.0,0.0,0.5,0.0,0.0,1.5,1.5,0.0,0.5,0.0,0.5,1.0,2.0,0.0,1.5,0.5,0.0,18.0,31.0,9.5,5.5,7.5,4.5,4.5,36.0,21.0,3.0,2.5,1.0,2.0,-0.25,0.5,4.5,0.0,0.0,4.0,53.5,36.5,0.5,4.5,2.0,,130711c3,AD1c1
nm20130717c2,O,6,0.0,0.0,0.0,0.0,0.0,2.0,0.5,0.0,0.0,0.0,0.0,1.5,0.0,0.5,0.0,0.5,1.0,0.0,0.5,0.0,6.5,0.0,0.0,0.0,0.0,0.0,0.0,0.0,0.0,0.0,3.0,0.5,1.0,0.0,0.0,7.0,0.0,0.0,2.5,17.5,0.0,0.5,0.5,0.0,,130717c2,
nm20131113c1,O,6,-1.0,1.5,0.5,0.5,0.5,-0.5,3.5,0.0,1.5,0.0,1.0,1.0,0.5,2.0,0.5,0.5,1.0,0.0,0.5,-0.5,34.0,18.5,7.0,7.75,14.5,8.5,8.5,55.0,34.0,8.5,0.25,5.0,8.0,4.5,3.5,12.75,0.0,5.0,4.0,30.0,35.5,3.5,6.0,4.0,4.5,131113c1,
nm20131120c1,O,6,0.0,0.0,0.0,0.0,-0.5,-1.0,2.0,0.0,0.0,1.0,-0.25,0.0,0.0,0.0,0.0,0.0,0.5,0.5,2.0,-0.25,11.0,13.0,0.5,0.5,1.0,0.5,0.5,17.0,13.5,0.5,2.0,2.0,2.0,2.5,0.5,6.0,2.0,9.0,3.0,12.5,27.5,6.0,1.0,19.5,4.75,131120c1,
nm20131125c0,O,6,0.0,0.5,0.5,0.5,0.0,1.5,0.0,0.0,3.5,4.0,0.5,0.0,0.0,1.0,0.5,2.25,1.0,0.0,1.0,0.0,7.0,11.5,3.5,2.0,5.0,0.0,1.0,18.5,15.5,1.0,0.0,0.0,2.5,0.0,2.5,5.0,0.0,0.0,1.5,23.5,15.5,0.5,0.0,10.5,5.0,131125c0,
nm20140327c1,O,61,0.0,15.0,2.0,1.5,0.0,1.5,12.0,24.5,3.0,4.5,2.5,8.5,0.0,3.5,14.5,8.5,2.5,0.0,7.5,0.5,12.0,1.0,1.5,0.0,0.5,0.5,0.0,0.0,7.5,38.0,25.0,1.0,3.5,13.0,2.0,1.0,0.0,0.0,0.0,1.5,0.5,0.5,-1.0,0.0,0.0,140327c1,
nm20140328c1,O,61,-0.25,10.0,11.0,0.0,-0.75,0.5,32.5,38.0,0.5,3.5,4.0,13.0,0.5,4.0,23.5,28.5,5.5,0.0,6.5,0.25,8.0,1.0,2.0,0.0,-0.5,0.0,0.0,0.25,4.0,26.5,20.0,4.0,5.0,8.0,4.5,0.0,0.0,7.5,17.0,19.0,3.5,4.0,4.5,2.0,0.5,140328c1,AV6a1
nm20140402c1,O,61,0.0,6.5,1.5,0.5,0.5,0.0,4.5,14.0,0.5,2.0,1.0,13.0,0.0,1.5,13.0,17.5,3.5,0.5,4.5,0.0,9.5,1.0,3.0,0.0,0.0,0.0,0.0,0.0,3.5,10.5,8.0,0.0,0.0,0.5,0.0,0.0,0.0,9.5,27.5,23.0,8.0,4.5,0.5,0.5,13.5,140402c1,AV6a1
nm20140514c2,O,61,0.5,4.5,7.0,0.5,1.5,4.5,18.0,13.0,6.0,7.0,6.0,8.0,1.5,8.0,18.0,26.0,13.5,2.5,17.0,0.0,8.0,4.0,0.0,0.0,1.5,0.5,0.0,0.5,3.0,26.5,31.0,1.0,1.5,7.5,1.5,3.5,0.0,10.5,27.5,21.5,4.5,3.5,2.0,7.5,1.0,140514c2,AV6a1
nm20121206c0,O,63,2.5,6.5,8.5,22.5,14.5,7.5,4.0,4.0,10.5,2.5,1.0,5.0,6.5,0.0,2.5,16.5,0.5,0.5,0.0,0.0,0.0,0.5,0.0,15.0,0.0,0.0,0.0,0.0,0.0,0.0,0.0,0.5,0.0,0.0,3.0,0.0,0.0,1.0,4.0,,,,,,,121206c0,AD1a2
nm20140402c0,O,63,0.0,27.5,9.0,20.0,31.0,24.0,5.5,6.5,31.0,18.0,2.5,17.0,18.0,2.5,26.5,32.5,0.5,15.5,1.5,0.0,3.0,0.5,11.0,10.0,9.0,9.5,9.0,3.5,12.0,5.0,6.0,2.0,3.0,1.0,15.0,7.5,0.0,5.0,8.5,20.5,3.0,8.5,7.5,5.5,19.5,140402c0,AD1a2
nm20140403c1,O,63,0.0,6.0,1.5,15.0,21.0,16.5,0.0,0.0,4.5,11.5,0.0,0.5,2.5,0.0,4.0,22.0,1.0,16.0,0.5,0.0,-1.75,3.0,16.0,15.0,10.0,15.0,10.5,15.5,9.0,3.0,2.0,0.0,0.0,2.5,14.0,13.0,,,,,,,,,,140403c1,AD1a2
nm20140516c0,O,63,0.0,1.5,0.0,5.5,11.5,5.5,0.0,0.0,0.0,1.0,0.0,0.0,2.0,0.0,0.0,0.0,0.0,6.5,0.0,0.0,0.0,0.5,0.0,0.0,0.0,0.0,0.0,13.0,0.0,0.0,0.0,0.0,0.0,0.0,0.0,2.0,0.0,-1.0,0.5,5.0,0.5,0.0,0.0,0.5,,140516c0,
nm20140710c1,O,63,0.0,2.0,2.5,22.0,24.5,33.5,1.5,9.5,14.0,21.5,4.0,17.5,28.0,4.5,26.0,16.5,4.5,17.5,1.0,0.0,0.0,0.0,14.5,2.0,1.0,1.0,2.5,1.0,0.5,0.0,0.0,0.0,0.0,0.0,4.0,0.0,0.0,0.0,2.5,12.5,0.0,0.0,9.0,7.0,26.5,140710c1,
nm20120911c0,O,65,11.0,23.0,17.25,16.75,12.5,23.0,16.0,35.0,18.5,24.0,10.25,19.0,15.5,16.0,24.0,26.75,13.25,16.0,12.0,3.25,16.25,12.0,30.25,21.5,26.25,25.0,17.75,15.5,16.75,,,,,,,,,,,,,,,,,120911c0,AD1b1
nm20120913c0,O,65,11.0,26.5,16.5,6.5,28.0,9.0,27.5,27.0,9.0,16.5,19.5,12.5,32.5,19.5,19.5,21.0,16.0,5.5,24.5,0.5,11.0,5.5,10.5,4.5,13.5,10.0,11.0,1.5,0.75,24.5,21.0,14.5,12.5,10.5,16.5,11.5,,,,,,,,,,120913c0,
nm20140514c1,O,65,2.0,25.5,13.0,15.0,14.0,19.5,9.0,24.0,24.5,25.0,17.5,32.75,21.0,18.0,36.0,17.0,9.0,17.5,7.5,1.0,15.0,11.0,20.0,14.0,13.5,11.0,12.5,19.5,25.0,12.0,15.5,4.5,7.5,4.5,10.5,7.25,0.75,14.0,9.0,15.0,24.0,13.5,10.0,10.75,15.0,140514c1,AD1b1
nm20130808c1,O,68,0.5,1.0,12.5,9.0,0.5,13.0,8.0,1.5,2.0,1.5,7.0,19.5,3.5,7.5,9.5,0.5,6.0,13.5,0.0,0.0,2.5,0.0,12.5,7.0,4.5,9.0,6.0,2.5,3.5,2.0,1.5,4.0,5.0,9.5,14.5,11.5,0.0,11.5,7.25,15.0,1.5,12.0,35.0,21.0,,130808c1,AV6a1
nm20130809c2,O,68,0.0,1.5,14.5,0.0,0.0,4.0,2.0,0.0,0.0,0.0,0.0,3.0,0.0,0.0,0.0,0.0,0.0,1.5,0.0,1.0,1.0,0.5,7.5,15.5,6.0,6.0,3.5,3.5,2.0,4.5,6.0,3.5,6.5,2.5,15.0,2.0,0.0,2.0,1.0,0.0,0.0,2.0,14.0,2.5,,130809c2,
nm20130814c1,O,68,0.0,2.0,7.5,6.5,2.5,17.0,0.5,5.0,1.25,1.5,0.5,7.5,4.5,1.0,3.5,1.5,0.5,1.0,0.0,0.5,0.0,0.0,15.5,12.5,9.0,9.0,7.5,5.5,4.0,0.0,0.0,0.5,0.0,1.0,11.5,6.5,0.5,1.0,0.0,1.0,0.0,0.0,17.5,2.0,,130814c1,AV6a1
nm20130815c0,O,68,0.5,,,,,,,,,,,,,,,0.5,0.0,0.0,0.0,0.0,0.0,0.0,6.5,18.5,5.5,5.5,5.0,3.5,5.5,0.0,0.0,0.0,0.5,-0.25,17.0,0.5,0.0,0.0,1.0,0.5,3.5,-1.0,15.5,0.0,,130815c0,
nm20130819c1,O,68,0.0,0.5,3.5,5.5,1.5,13.0,0.0,2.0,3.5,0.5,0.5,14.0,0.5,2.5,7.5,4.0,1.0,0.5,0.0,0.0,0.0,0.0,16.0,9.0,3.0,5.5,4.5,0.5,2.0,0.0,1.5,0.5,0.0,0.5,15.0,2.5,0.0,0.5,2.0,0.0,0.0,1.5,31.0,4.0,,130819c1,AV6a1
nm20130821c3,O,69,1.5,19.5,1.25,26.25,18.5,22.5,1.5,7.25,19.25,4.5,0.75,33.25,10.0,1.0,22.0,20.75,0.5,1.75,0.75,2.75,4.25,0.25,23.75,2.0,9.5,1.75,4.0,3.25,2.25,2.5,1.0,2.25,11.0,11.25,2.0,2.5,1.75,0.75,2.5,20.0,1.75,2.5,35.75,1.5,13.0,130821c3,
nm20120704c1,O,7,0.5,3.5,8.0,25.5,16.0,24.0,2.5,12.5,1.5,5.5,0.5,0.0,0.0,0.5,1.5,36.0,1.5,5.5,0.0,0.0,14.5,10.0,16.0,0.5,16.5,13.5,8.5,0.0,2.0,7.0,5.0,1.5,26.0,10.5,17.5,8.0,,,,,,,,,,120704c1,AD1b2
nm20130729c0,O,7,1.5,0.0,2.0,20.5,19.0,15.0,2.0,6.5,11.5,9.5,2.0,13.75,1.0,0.5,15.5,30.5,5.0,18.0,2.0,0.0,8.0,1.0,13.0,5.25,0.0,-0.5,0.75,30.5,0.0,3.5,4.5,3.0,0.5,8.5,21.5,16.5,0.0,0.0,1.0,0.0,0.0,0.25,25.0,0.25,,130729c0,AD1b1
nm20130820c3,O,70,0.0,13.5,9.5,15.5,15.5,9.5,3.0,6.5,12.0,7.5,1.5,14.5,4.5,0.0,17.5,9.5,2.0,5.0,1.0,0.5,2.5,0.0,12.0,9.5,5.5,8.0,12.0,6.0,9.0,5.0,3.0,1.5,5.5,3.0,15.0,4.0,0.0,2.0,1.0,7.0,0.5,4.5,13.5,4.0,,130820c3,
nm20131122c0,O,70,0.5,15.5,10.0,7.0,1.0,11.0,13.5,6.5,8.5,7.0,5.0,18.5,1.5,5.0,15.5,4.0,1.0,0.0,0.5,3.0,2.0,0.0,19.5,9.5,13.0,15.0,9.5,18.0,8.0,2.0,4.25,3.5,0.0,0.0,17.5,4.0,0.0,1.5,1.0,1.0,0.0,0.75,13.5,6.5,,131122c0,
nm20140508c1,O,72,1.0,0.0,1.5,2.5,16.0,4.0,7.75,2.0,11.25,9.0,16.75,33.0,28.5,12.5,31.0,1.0,0.5,3.0,1.0,0.5,1.5,-1.75,0.5,-1.25,1.0,2.5,-3.0,2.5,-0.5,1.0,0.5,1.25,4.5,9.0,-2.0,13.5,0.25,0.0,0.0,8.0,0.5,-0.5,17.0,11.25,0.25,140508c1,
nm20140618c0,O,75,0.0,9.0,0.5,0.0,0.0,6.5,0.0,0.0,0.5,1.5,0.0,0.0,0.0,0.0,0.0,0.5,0.0,1.0,0.0,0.0,1.5,0.0,0.0,0.0,0.0,0.0,0.0,0.0,5.5,0.0,0.0,0.0,0.5,0.0,0.5,0.0,0.0,2.0,0.0,2.0,15.0,1.0,0.0,0.5,0.5,140618c0,AV4b5
nm20160201c1,O,75,0.0,0.0,0.0,0.0,0.0,0.0,0.0,0.0,0.0,0.0,0.0,0.0,0.0,0.0,0.0,0.0,0.0,0.0,0.0,0.0,0.0,0.0,0.5,0.0,0.0,0.0,0.0,0.0,17.5,0.0,0.0,0.5,0.0,0.0,0.0,0.0,0.0,0.0,0.0,0.5,13.0,0.0,0.0,0.5,2.0,160201c1,AV4b5
nm20160211c1,O,75,0.0,0.0,0.0,0.0,0.0,0.0,0.0,0.0,0.0,0.0,0.0,0.5,0.0,0.0,0.0,0.5,0.0,0.0,0.0,0.0,0.0,0.0,0.0,0.5,0.0,0.0,0.0,0.5,11.5,2.0,0.0,0.0,0.0,0.0,0.0,0.0,0.0,0.0,0.0,1.0,3.5,0.0,0.0,0.0,,160211c1,AV4b5
nm20120726c3,O,8,2.25,15.5,30.0,16.5,28.5,23.75,12.0,16.75,2.0,2.5,1.0,1.75,3.0,0.0,3.0,15.25,7.0,34.75,2.0,1.5,89.0,110.25,84.5,62.25,67.5,63.25,55.0,103.75,93.75,26.75,25.0,31.0,89.0,36.5,64.0,57.0,,,,,,,,,,120726c3,AD1b1
nm20120730c0,O,8,7.75,8.25,6.5,10.0,6.25,10.5,10.5,8.0,20.0,14.5,21.75,15.25,23.5,30.25,13.75,20.25,15.75,21.75,20.75,3.0,71.0,77.25,56.25,49.25,45.25,42.25,44.0,64.25,62.25,37.5,36.25,31.5,33.5,36.75,32.5,49.5,,,,,,,,,,120730c0,AD1b2
nm20120828c0,O,8,10.5,32.5,15.0,13.5,23.0,14.25,21.25,14.25,15.25,39.25,16.75,22.0,23.75,18.25,17.5,20.75,9.75,32.25,12.25,1.75,40.0,37.5,30.75,28.0,30.5,21.25,27.75,64.25,36.75,21.75,16.75,21.75,21.75,22.5,20.0,32.5,,,,,,,,,,120828c0,
nm20120922c1,O,8,2.25,6.0,3.0,1.0,1.0,3.5,7.5,5.0,17.0,24.5,10.5,9.0,3.0,4.5,14.5,21.75,11.5,25.0,7.25,3.0,57.0,58.5,30.25,26.25,24.5,25.0,28.75,62.0,51.0,15.75,15.5,13.25,14.0,17.25,11.75,27.0,,,,,,,,,,120922c1,
nm20121101c0,O,8,3.5,27.75,15.0,22.0,8.5,24.5,21.5,25.5,6.0,16.5,2.5,4.5,7.0,3.0,6.5,27.0,18.25,40.0,5.5,3.25,48.0,47.75,46.5,37.0,40.5,34.0,29.5,50.25,44.0,25.5,13.0,15.0,23.5,10.75,21.25,25.5,,,,,,,,,,121101c0,AD1b1
nm20130620c1,O,81,0.0,0.5,0.0,0.0,0.0,1.5,0.5,0.0,0.0,0.0,0.0,0.5,0.0,0.0,0.0,0.0,1.5,2.0,0.0,0.0,0.0,0.0,0.0,0.0,0.0,0.5,-0.5,0.0,0.0,0.0,0.5,0.0,0.5,0.5,1.0,0.0,0.0,0.0,0.5,0.5,0.0,0.0,0.5,0.5,,130620c1,
nm20130625c2,O,81,0.0,0.0,0.0,0.0,0.0,0.0,0.0,0.0,0.0,0.5,0.0,0.5,0.0,0.0,0.5,1.0,0.0,1.0,0.0,0.0,0.0,0.0,0.0,0.0,0.0,0.5,0.5,0.0,0.0,-0.25,0.0,-1.0,1.0,0.0,1.0,1.0,0.0,0.5,0.5,0.5,0.0,0.0,-1.75,1.0,,130625c2,
nm20130312c1,O,82,4.25,3.5,1.75,9.0,4.75,3.0,4.0,1.75,1.5,1.0,3.25,3.0,7.5,-1.0,1.25,1.25,6.5,6.25,-0.5,0.75,4.75,6.75,5.5,4.75,0.5,3.75,4.5,20.25,2.5,4.0,8.5,3.5,3.5,7.0,4.5,7.0,0.25,2.25,2.5,12.5,5.0,-0.5,2.5,,,130312c1,PV4f1
nm20160122c0,O,83,1.0,4.25,10.0,2.25,1.0,8.5,1.5,7.5,8.75,3.5,3.0,7.5,5.5,5.5,3.0,9.5,1.5,0.0,0.5,2.0,2.0,1.0,-0.5,0.5,7.5,4.5,10.5,-1.0,0.0,2.0,-1.0,0.5,12.0,1.0,18.0,-0.5,0.0,2.0,0.5,0.0,3.0,5.5,11.5,2.25,3.75,160122c0,
nm20120806c0,O,9,1.0,14.5,38.5,26.0,4.5,23.25,14.5,39.5,13.0,9.0,5.0,28.0,6.5,6.25,17.25,26.5,14.5,11.5,4.0,0.5,8.75,13.0,21.5,33.5,39.5,26.5,22.0,10.5,16.5,15.25,15.0,13.0,57.5,19.5,39.0,15.0,,,,,,,,,,120806c0,PD2a1
nm20120806c1,O,9,3.0,32.0,29.0,4.5,12.5,21.5,14.75,20.5,10.0,8.5,4.0,26.5,4.0,2.0,7.25,44.0,12.0,10.0,5.0,0.0,27.75,8.75,38.5,23.5,12.0,11.5,11.0,6.0,7.75,,,,,,,,,,,,,,,,,120806c1,
nm20120818c1,O,9,10.25,53.75,30.5,24.25,26.0,24.75,60.75,69.0,20.5,22.75,18.0,39.25,16.5,15.0,32.0,97.0,53.0,22.75,8.0,4.25,28.0,8.0,,,,,,,,12.0,28.0,19.0,13.5,10.75,22.5,1.5,,,,,,,,,,120818c1,
nm20121013c0,O,9,1.0,18.75,29.25,22.75,6.5,34.75,14.5,46.0,23.75,6.5,13.0,20.75,6.0,10.5,14.0,17.0,6.0,2.5,7.75,2.5,5.25,1.0,22.25,6.0,20.25,17.0,5.0,1.75,3.5,9.0,5.5,1.25,11.5,2.5,11.0,0.5,,,,,,,,,,121013c0,
nm20121016c0,O,9,4.0,57.5,29.5,22.0,22.5,39.0,29.5,6.5,12.0,29.5,11.5,40.0,7.0,8.0,30.5,20.0,6.5,9.0,7.5,1.5,13.75,8.0,55.75,27.5,37.0,31.0,27.0,14.5,32.0,11.5,10.0,5.5,16.0,6.5,19.5,5.0,,,,,,,,,,121016c0,PD2b1
nm20121029c1,O,9,2.0,33.0,30.25,42.5,12.75,39.75,25.75,52.0,19.5,16.25,16.5,22.0,8.75,11.5,17.5,29.25,8.0,3.5,8.5,1.25,7.25,1.5,26.25,2.5,27.25,11.75,6.25,8.5,2.25,20.75,7.75,6.5,19.0,5.0,11.5,0.0,,,,,,,,,,121029c1,
nm20121030c0,O,9,6.5,36.0,36.75,39.0,21.0,43.5,43.0,59.25,20.5,15.0,15.75,30.75,14.0,15.5,21.0,26.0,9.75,6.25,14.0,2.5,15.5,9.5,32.0,13.0,26.5,22.5,10.75,7.75,10.25,23.5,16.75,14.5,22.25,12.0,23.0,11.75,,,,,,,,,,121030c0,
nm20140210c2,O,9,0.5,10.0,18.0,22.0,15.5,13.5,4.0,26.5,23.5,7.5,3.5,17.25,14.5,9.0,21.0,20.0,2.0,9.5,1.0,0.0,5.5,5.0,17.0,17.0,10.5,18.0,18.5,13.5,14.0,5.0,0.75,0.5,2.0,4.5,1.0,13.5,4.5,0.5,1.5,6.0,1.5,3.0,10.0,18.0,,140210c2,
